gene,number,cluster
ABAT,18,1
ABL2,27,1
ACLY,47,1
ACTN2,88,1
ACTN3,89,1
ACVR1B,91,1
ACVR2B,93,1
ADARB2,105,1
ADCY1,107,1
ADCYAP1R1,117,1
PLIN2,123,1
ADH7,131,1
PARP1,142,1
ADRA1D,146,1
ADRA1B,147,1
ADRA2B,151,1
ADRB1,153,1
AP2B1,163,1
ALDH1A1,216,1
ALDOA,226,1
ALPI,248,1
ALPPL2,251,1
AMHR2,269,1
AMPD2,271,1
AMY1A,276,1
AMY2A,279,1
ANK1,286,1
ANPEP,290,1
ANXA1,301,1
ANXA6,309,1
AOX1,316,1
APAF1,317,1
AIRE,326,1
APRT,353,1
ARG1,383,1
ARG2,384,1
ARSE,415,1
ARVCF,421,1
ASIP,434,1
ASTN1,460,1
ATF4,468,1
RERE,473,1
ATOH1,474,1
ATOX1,475,1
ATP1A4,480,1
FXYD2,486,1
ATP2B3,492,1
ATP2B4,493,1
ATP4A,495,1
ATP5D,513,1
ATP5E,514,1
ATP5G1,516,1
ATP5G3,518,1
ATP5I,521,1
ATP6V0B,533,1
ATP6V0A1,535,1
ATP6AP1,537,1
KIF1A,547,1
AVPR2,554,1
B2M,567,1
BACH1,571,1
BAD,572,1
BARD1,580,1
BCL9,607,1
BHMT,635,1
BICD1,636,1
BID,637,1
BLK,640,1
BLMH,642,1
BMI1,648,1
BMPR1A,657,1
BRCA1,672,1
BST1,683,1
TSPO,706,1
C6,729,1
MPPED1,758,1
CA7,766,1
CA8,767,1
CACNA1A,773,1
CACNB4,785,1
CAD,790,1
CAMP,820,1
CASP9,842,1
CBLN1,869,1
CCIN,881,1
CCND2,894,1
CCNE1,898,1
CCNF,899,1
CCNT1,904,1
CCNT2,905,1
CD1E,913,1
CD22,933,1
SIGLEC6,946,1
SCARB1,949,1
ENTPD5,957,1
CD58,965,1
CD74,972,1
CDH2,1000,1
CDH3,1001,1
CDH10,1008,1
CDH13,1012,1
CDH17,1015,1
CDK8,1024,1
CDKN1B,1027,1
CDKN1C,1028,1
CEACAM5,1048,1
CFL1,1072,1
CEACAM7,1087,1
RCBTB2,1102,1
CHD4,1108,1
AKR1C4,1109,1
CHGB,1114,1
CHRM1,1128,1
CHRNA4,1137,1
CHRNB2,1141,1
CHRND,1144,1
CHRNE,1145,1
CHRNG,1146,1
CHUK,1147,1
CLCN3,1182,1
CLCN6,1185,1
CLCN7,1186,1
CLU,1191,1
CLIC1,1192,1
CLTB,1212,1
CMA1,1215,1
CCR6,1235,1
CNGA4,1262,1
CNTF,1270,1
COL2A1,1280,1
COL4A6,1288,1
COL9A2,1298,1
COL17A1,1308,1
COX6C,1345,1
COX7A2,1347,1
COX7B,1349,1
COX8A,1351,1
COX15,1355,1
CPOX,1371,1
CRABP2,1382,1
CREB1,1385,1
ATF2,1386,1
CREBBP,1387,1
CRIP1,1396,1
CRKL,1399,1
CRMP1,1400,1
CRY1,1407,1
CRYBA4,1413,1
CRYGD,1421,1
CRYZ,1429,1
NCAN,1463,1
SLC25A10,1468,1
CST1,1469,1
CST4,1472,1
CYBA,1535,1
CYC1,1537,1
CYP1A1,1543,1
CYP17A1,1586,1
CYP51A1,1595,1
DAB1,1600,1
DACH1,1602,1
CD55,1604,1
DBI,1622,1
DCC,1630,1
DDC,1644,1
DHX8,1659,1
DHX9,1660,1
DEFB1,1672,1
DES,1674,1
DFFA,1676,1
DLX1,1745,1
DLX2,1746,1
DLX4,1748,1
DNAH8,1769,1
DYNC1H1,1778,1
DYNC1LI2,1783,1
DNM2,1785,1
DNMT1,1786,1
TRDMT1,1787,1
DNMT3A,1788,1
DRD4,1815,1
ATN1,1822,1
DSC1,1823,1
DSG2,1829,1
DSG3,1830,1
TSC22D3,1831,1
DSPP,1834,1
DTNA,1837,1
DTX1,1840,1
DUSP4,1846,1
DUSP9,1852,1
E2F2,1870,1
PHC1,1911,1
EEF1D,1936,1
EFNB3,1949,1
CELSR3,1951,1
EIF2B1,1967,1
ELAVL3,1995,1
ELK4,2005,1
EN2,2020,1
ENDOG,2021,1
ENSA,2029,1
EPB41,2035,1
EPB41L2,2037,1
EPHA8,2046,1
STX2,2054,1
NR2F6,2063,1
EYA4,2070,1
ESR2,2100,1
ESRRB,2103,1
ETFB,2109,1
ETV3,2117,1
EYA1,2138,1
EYA3,2140,1
EZH1,2145,1
F5,2153,1
FAU,2197,1
FCER2,2208,1
FDFT1,2222,1
FDPS,2224,1
FDX1,2230,1
FGB,2244,1
FGF4,2249,1
FHL1,2273,1
FIGF,2277,1
FKBP2,2286,1
FOXG1,2290,1
FOXF2,2295,1
FOXO3B,2310,1
FLG,2312,1
FLNC,2318,1
FLT3,2322,1
FMO2,2327,1
FMO3,2328,1
FXN,2395,1
FRK,2444,1
MTOR,2475,1
FRZB,2487,1
NR5A2,2494,1
FYN,2534,1
FZD2,2535,1
GABPA,2551,1
GABRA1,2554,1
GABRB2,2561,1
GABRE,2564,1
GABRP,2568,1
GABRR2,2570,1
GALK1,2584,1
GAS2,2620,1
GATA2,2624,1
GATM,2628,1
GBX2,2637,1
GCDH,2639,1
GCGR,2642,1
GCK,2645,1
GDF10,2662,1
GDNF,2668,1
GFRA1,2674,1
GFRA3,2676,1
GLDC,2731,1
GLI1,2735,1
GLI4,2738,1
GLP1R,2740,1
GNAS,2778,1
GNG3,2785,1
GNG4,2786,1
GNG10,2790,1
GNRHR,2798,1
GNS,2799,1
GOLGA3,2802,1
GP5,2814,1
GPLD1,2822,1
PRLHR,2834,1
GPR17,2840,1
GPR35,2859,1
MLNR,2862,1
FFAR1,2864,1
GPT,2875,1
GPX1,2876,1
GPX5,2880,1
GRID2,2895,1
GRIK2,2898,1
GRIK5,2901,1
GRIN2A,2903,1
GRM1,2911,1
GRM2,2912,1
GRM7,2917,1
PDIA3,2923,1
GSK3B,2932,1
GSTA1,2938,1
GSTA2,2939,1
MSH6,2956,1
GTF2A1,2957,1
GTF2A2,2958,1
GTF2E1,2960,1
GTF2H3,2967,1
GTF2I,2969,1
GUCY2C,2984,1
GUK1,2987,1
HIST1H1C,3006,1
HIST1H2AE,3012,1
HIST1H2BD,3017,1
HADH,3033,1
HAS3,3038,1
SERPIND1,3053,1
HCFC1,3054,1
HDAC2,3066,1
HIP1,3092,1
HINT1,3094,1
HIVEP2,3097,1
HK2,3099,1
HLA-DMA,3108,1
HNF4A,3172,1
HNRNPH1,3187,1
HNRNPU,3192,1
TLX1,3195,1
HOXA11,3207,1
HOXB1,3211,1
HOXC4,3221,1
HOXC6,3223,1
HOXC11,3227,1
HOXD11,3237,1
HOXD13,3239,1
ERAS,3266,1
HSF1,3297,1
HSF2,3298,1
HSPA5,3309,1
IGSF3,3321,1
HSPE1,3336,1
DNAJC4,3338,1
HSPG2,3339,1
HTR1E,3354,1
HTR1F,3355,1
HYAL1,3373,1
IBSP,3381,1
ICT1,3396,1
IDE,3416,1
IDH3A,3419,1
IDH3G,3421,1
IFNW1,3467,1
IGF2R,3482,1
IGFALS,3483,1
IGSF1,3547,1
IL5RA,3568,1
IL12RB2,3595,1
IL13RA1,3597,1
ILF3,3609,1
INPP4A,3631,1
INSL4,3641,1
INSRR,3645,1
ITGB6,3694,1
JAK3,3718,1
JARID2,3720,1
KCNA5,3741,1
KCNA6,3742,1
KCNC2,3747,1
KCND1,3750,1
KCNJ3,3760,1
KCNJ11,3767,1
KCNJ12,3768,1
KCNJ14,3770,1
KCNJ15,3772,1
KCNN1,3780,1
KCNQ2,3785,1
KCNS2,3788,1
KIF3C,3797,1
KIF5A,3798,1
KPNA5,3841,1
TNPO1,3842,1
KRAS,3845,1
KRT85,3891,1
AFF3,3899,1
LAMA2,3908,1
LAMC1,3915,1
LBR,3930,1
LCN1,3933,1
LGALS3,3958,1
LGALS4,3960,1
LGALS7,3963,1
LHCGR,3973,1
LIG3,3980,1
LLGL1,3996,1
LMNA,4000,1
LRP1,4035,1
LRP4,4038,1
LRP6,4040,1
LRPAP1,4043,1
LTA4H,4048,1
LY6E,4061,1
LY6H,4062,1
NBR1,4077,1
MXD1,4084,1
SMAD9,4093,1
MAG,4099,1
MAGEA6,4105,1
MAGEA8,4107,1
MAGEA12,4111,1
MAGOH,4116,1
MAN2B1,4125,1
MAOA,4128,1
MAOB,4129,1
MAS1,4142,1
MATN1,4146,1
ADAM11,4185,1
MDM2,4193,1
MDM4,4194,1
MAP3K4,4216,1
MGMT,4255,1
MGST2,4258,1
ATXN3,4287,1
MAP3K10,4294,1
MLLT4,4301,1
MLLT6,4302,1
FOXO4,4303,1
MMP7,4316,1
ALDH6A1,4329,1
MOV10,4343,1
MPG,4350,1
MPP2,4355,1
MRC1,4360,1
ABCC1,4363,1
MSH2,4436,1
MTF1,4520,1
MTHFR,4524,1
MTTP,4547,1
MTR,4548,1
MTX1,4580,1
MUC2,4583,1
MVD,4597,1
MYH3,4621,1
MYH6,4624,1
MYL5,4636,1
MYO1A,4640,1
MYO1D,4642,1
MYO9B,4650,1
PPP1R12B,4660,1
NAIP,4671,1
NAP1L1,4673,1
NDUFA1,4694,1
NDUFA2,4695,1
NDUFA3,4696,1
NDUFA6,4700,1
NDUFA8,4702,1
NDUFAB1,4706,1
NDUFB1,4707,1
NDUFB2,4708,1
NDUFB5,4711,1
NDUFB9,4715,1
NDUFB10,4716,1
NDUFC1,4717,1
NDUFS4,4724,1
NDUFS6,4726,1
NDUFS8,4728,1
NDUFV2,4729,1
NEFM,4741,1
NEFH,4744,1
NEK1,4750,1
NF1,4763,1
NFATC3,4775,1
NFE2,4778,1
NFIX,4784,1
NFYA,4800,1
NKTR,4820,1
NKX6-1,4825,1
NME1,4830,1
NME2,4831,1
NME3,4832,1
NODAL,4838,1
NOS1,4842,1
NOTCH2,4853,1
NOTCH3,4854,1
NPPA,4878,1
NPPB,4879,1
NPY6R,4888,1
NRF1,4899,1
NTN3,4917,1
ROR1,4919,1
DDR2,4921,1
NTSR1,4923,1
NUP98,4928,1
NVL,4931,1
OPRL1,4987,1
OR3A2,4995,1
SLC22A18,5002,1
OTC,5009,1
OTX2,5015,1
P2RY6,5031,1
P4HB,5034,1
PAEP,5047,1
PRDX1,5052,1
PAH,5053,1
PARK2,5071,1
PAX3,5077,1
PAX7,5081,1
PBX2,5089,1
PCBD1,5092,1
PCNT,5116,1
CDK17,5128,1
PDGFRL,5157,1
PDE6B,5158,1
PENK,5179,1
PFDN1,5201,1
PFKFB2,5208,1
PHKG2,5261,1
SERPINA1,5265,1
PIK3CD,5293,1
PIK3R2,5296,1
PKP2,5318,1
PLAGL1,5325,1
PLAGL2,5326,1
PLCG1,5335,1
PLD1,5337,1
PLP1,5354,1
PNMT,5409,1
POLE,5426,1
POLR2A,5430,1
POLR2G,5436,1
POLR2H,5437,1
POLR2K,5440,1
POLR2L,5441,1
PON2,5445,1
POU3F1,5453,1
POU3F2,5454,1
POU3F3,5455,1
MED1,5469,1
PPIA,5478,1
PPIB,5479,1
PPP1CA,5499,1
PPP2R5E,5529,1
PPY,5539,1
PRB1,5542,1
PRCP,5547,1
PREP,5550,1
PRKAB1,5564,1
PRKAB2,5565,1
PRKAR2A,5576,1
PRKCE,5581,1
PRKCG,5582,1
PKN1,5585,1
PRKCSH,5589,1
PRKDC,5591,1
MAPK7,5598,1
PRL,5617,1
PROX1,5629,1
PRRG2,5639,1
PRSS3,5646,1
MASP1,5648,1
RELN,5649,1
PRSS8,5652,1
PSEN2,5664,1
PSMA5,5686,1
PSMA6,5687,1
PSMA7,5688,1
PSMB8,5696,1
PYY,5697,1
PSMB10,5699,1
PSME1,5720,1
PTCH1,5727,1
PTGDS,5730,1
PTGS2,5743,1
PTH1R,5745,1
PTPN11,5781,1
PTPN14,5784,1
PTPRG,5793,1
PTPRS,5802,1
PXN,5829,1
PZP,5858,1
RAB3B,5865,1
MAP4K2,5871,1
RAD17,5884,1
RAD51L3,5892,1
RAD52,5893,1
RAG1,5896,1
RAG2,5897,1
RAPSN,5913,1
RARRES3,5920,1
KDM5A,5927,1
RBBP5,5929,1
RBL1,5933,1
RBP2,5948,1
RBP4,5950,1
RECQL,5965,1
REL,5966,1
RET,5979,1
REV3L,5980,1
RFPL1,5988,1
RFX1,5989,1
RFX3,5991,1
RHO,6010,1
RLF,6018,1
ROBO1,6091,1
RPL8,6132,1
RPL30,6156,1
MRPL12,6182,1
RPS21,6227,1
RREB1,6239,1
RSC1A1,6248,1
RYR1,6261,1
S100A2,6273,1
S100A4,6275,1
S100A5,6276,1
S100A6,6277,1
S100A11,6282,1
S100A13,6284,1
SAFB,6294,1
SALL2,6297,1
SALL1,6299,1
SAT1,6303,1
ATXN2,6311,1
CLEC11A,6320,1
SCN2A,6326,1
SCN4A,6329,1
SCN4B,6330,1
SCN5A,6331,1
SCNN1G,6340,1
SCP2,6342,1
SRL,6345,1
CCL18,6362,1
SDC4,6385,1
SDHD,6392,1
SEC13,6396,1
SECTM1,6398,1
SEMG2,6407,1
SEPW1,6415,1
SFPQ,6421,1
SFRS8,6433,1
ITSN1,6453,1
ST3GAL2,6483,1
SIM2,6493,1
SIX1,6495,1
SLC1A6,6511,1
SLC3A2,6520,1
SLC5A3,6526,1
SLC5A4,6527,1
SLC6A3,6531,1
SLC6A4,6532,1
SLC8A3,6547,1
SLC10A1,6554,1
SLC12A3,6559,1
SLC14A1,6563,1
SLC16A1,6566,1
SLC18A3,6572,1
SLC22A2,6582,1
SLIT1,6585,1
SMARCA4,6597,1
SMARCC1,6599,1
SMARCD1,6602,1
SMO,6608,1
SUMO2,6613,1
SNRPA1,6627,1
SNRPD2,6633,1
SON,6651,1
SOS1,6654,1
SOX5,6660,1
SP4,6671,1
SPAST,6683,1
SPINK1,6690,1
SPINK2,6691,1
SPINT1,6692,1
SPR,6697,1
SPRR2G,6706,1
SPTB,6710,1
SPTBN1,6711,1
SRP14,6727,1
SSR4,6748,1
SSTR1,6751,1
SSTR3,6753,1
SSX5,6758,1
STAT5A,6776,1
STAT5B,6777,1
STK3,6788,1
CDKL5,6792,1
STRN,6801,1
STX1A,6804,1
SUPT5H,6829,1
SUPT6H,6830,1
SYN1,6853,1
SYP,6855,1
SYT1,6857,1
T,6862,1
TADA2A,6871,1
TAF1,6872,1
TAF5,6877,1
MAP3K7,6885,1
TBP,6908,1
TBX3,6926,1
HNF1A,6927,1
TCF3,6929,1
TCP10,6953,1
TCTA,6988,1
TEAD1,7003,1
TECTA,7007,1
TFAP2B,7021,1
TFCP2,7024,1
TFF1,7031,1
THBS3,7059,1
THBS4,7060,1
TCHH,7062,1
THRA,7067,1
THRSP,7069,1
TIA1,7072,1
TK1,7083,1
TM4SF4,7104,1
TNNI1,7135,1
TNP1,7141,1
TOP2A,7153,1
TP53BP2,7159,1
TP73,7161,1
TPH1,7166,1
TPP2,7174,1
TPR,7175,1
TRAF5,7188,1
TRH,7200,1
TRO,7216,1
TSC1,7248,1
TSC2,7249,1
TSHR,7253,1
TSPYL1,7259,1
PHLDA2,7262,1
TST,7263,1
TSTA3,7264,1
TTC1,7265,1
TTN,7273,1
TUB,7275,1
TUBA4A,7277,1
TUBB2A,7280,1
TULP3,7289,1
HIRA,7290,1
TXN,7295,1
TYK2,7297,1
UBTF,7343,1
UPK1B,7348,1
UCP1,7350,1
COL14A1,7373,1
UQCRB,7381,1
UQCRH,7388,1
USH2A,7399,1
UTRN,7402,1
VDAC1,7416,1
VGF,7425,1
VIL1,7429,1
VTN,7448,1
CLIP2,7461,1
WNT1,7471,1
WNT10B,7480,1
WNT2B,7482,1
WNT9B,7484,1
XPNPEP2,7512,1
ZIC2,7546,1
ZNF2,7549,1
ZNF10,7556,1
ZNF12,7559,1
ZNF708,7562,1
ZNF182,7569,1
ZNF26,7574,1
ZSCAN20,7579,1
ZNF33A,7581,1
ZKSCAN1,7586,1
ZNF41,7592,1
ZNF70,7621,1
ZNF74,7625,1
ZNF84,7637,1
ZNF221,7638,1
ZNF99,7652,1
ZNF136,7695,1
ZNF140,7699,1
ZNF142,7701,1
ZNF146,7705,1
RNF113A,7737,1
ZNF192,7745,1
ZNF207,7756,1
ZNF236,7776,1
SLC30A1,7779,1
LUZP1,7798,1
NPHS2,7827,1
BTG2,7832,1
ALMS1,7840,1
TUBA1A,7846,1
MANF,7873,1
KCNAB1,7881,1
REEP5,7905,1
BAT2,7916,1
HSD17B8,7923,1
EPM2A,7957,1
ZNF212,7988,1
PSCA,8000,1
LHX3,8022,1
MLLT10,8028,1
CUBN,8029,1
USP5,8078,1
MLL2,8085,1
HMGA2,8091,1
SLC14A2,8170,1
SYN3,8224,1
PNPLA4,8228,1
USP11,8237,1
NAA10,8260,1
TMEM187,8269,1
ARID1A,8289,1
TRRAP,8295,1
SNN,8303,1
AXIN2,8313,1
BRAP,8315,1
FZD7,8324,1
HIST1H2AM,8336,1
HIST2H2AA3,8337,1
HIST1H2BN,8341,1
HIST1H2BO,8348,1
HIST2H2BE,8349,1
HIST1H4H,8365,1
HIST2H4A,8370,1
PIP4K2B,8396,1
SOX14,8403,1
TAGLN2,8407,1
ULK1,8408,1
LTBP4,8425,1
NR0B2,8431,1
SDPR,8436,1
DYRK2,8445,1
ATRN,8455,1
FOXN1,8456,1
TPST1,8460,1
KLF11,8462,1
FKBP6,8468,1
CILP,8483,1
PPFIA2,8499,1
SLC43A1,8501,1
PEX3,8504,1
CNTNAP1,8506,1
DGKD,8527,1
BHLHE40,8553,1
TCAP,8557,1
DENR,8562,1
MADD,8567,1
TMEFF1,8577,1
OR6A2,8590,1
PPAP2B,8613,1
CDK13,8621,1
EIF4EBP3,8637,1
PTCH2,8643,1
NCOA1,8648,1
EIF3A,8661,1
EIF4G3,8672,1
VAMP8,8673,1
BECN1,8678,1
DGAT1,8694,1
DNAH11,8701,1
B3GALT4,8705,1
C19orf2,8725,1
GPAA1,8733,1
HRK,8739,1
ADAM21,8747,1
ADAM18,8749,1
PABPC4,8761,1
MPDZ,8777,1
SUCLG2,8801,1
IL18R1,8809,1
BANF1,8815,1
FGF17,8822,1
SYNGAP1,8831,1
KSR1,8844,1
AKAP4,8852,1
ALDH1A2,8854,1
LDB1,8861,1
SYNJ2,8871,1
MCM3AP,8888,1
MTMR3,8897,1
AP1M1,8907,1
CACNA1I,8911,1
TIMELESS,8914,1
BSN,8927,1
RAB7L1,8934,1
WASF1,8936,1
CDK5R2,8941,1
BTRC,8945,1
HIST1H2BJ,8970,1
ATP6V0E1,8992,1
KALRN,8997,1
CDKL2,8999,1
TAF1A,9015,1
HIP1R,9026,1
UBE2M,9040,1
BTAF1,9044,1
SLC7A6,9057,1
USP6,9098,1
LATS1,9113,1
INA,9118,1
KCNQ4,9132,1
CBFA2T2,9139,1
SYNGR2,9144,1
NEURL,9148,1
DYRK1B,9149,1
SLC6A5,9152,1
EBAG9,9166,1
KCNAB3,9196,1
ZMYM3,9203,1
MAGI1,9223,1
PNMA1,9240,1
NOG,9241,1
GCM2,9247,1
CACNA2D2,9254,1
BZRAP1,9256,1
MAPKAPK2,9261,1
CYTH3,9265,1
ITGB1BP1,9270,1
PIWIL1,9271,1
BCL7C,9274,1
S1PR2,9294,1
TRIP12,9320,1
GTF3C4,9329,1
TGM5,9333,1
CPNE6,9362,1
RAB9A,9367,1
KIF3B,9371,1
NRXN1,9378,1
NRXN2,9379,1
OTOF,9381,1
STOML1,9399,1
Sep.15,9403,1
HAND1,9421,1
MED23,9439,1
MED26,9441,1
MED7,9443,1
QKI,9444,1
MAP4K4,9448,1
AKAP7,9465,1
PCYT1B,9468,1
ROCK2,9475,1
CABP1,9478,1
SLC4A8,9498,1
GAL3ST1,9514,1
STXBP5L,9515,1
SPTLC2,9517,1
GOSR1,9527,1
TMEM59,9528,1
ZNF254,9534,1
NRG2,9542,1
ATP6V1G1,9550,1
ATP5J2,9551,1
MRPL33,9553,1
GABBR2,9568,1
RBM39,9584,1
CREB5,9586,1
RNF14,9604,1
RIN1,9610,1
NCOR2,9612,1
TCL1B,9623,1
CLCA2,9635,1
CTR9,9646,1
TTLL4,9654,1
ZNF516,9658,1
DZIP3,9666,1
KIAA0406,9675,1
PHF14,9678,1
KDM4A,9682,1
LRRC14,9684,1
RAPGEF2,9693,1
TTC35,9694,1
CROCC,9696,1
TRAM2,9697,1
PUM1,9698,1
ESPL1,9700,1
KIAA0100,9703,1
KIAA0355,9710,1
USP6NL,9712,1
SEC14L5,9717,1
NOS1AP,9722,1
VPRBP,9730,1
SART3,9733,1
KNTC1,9735,1
USP34,9736,1
GPRASP1,9737,1
IFT140,9742,1
ZNF536,9745,1
CLSTN3,9746,1
PHACTR2,9749,1
MLL4,9757,1
HDAC4,9759,1
MLEC,9761,1
PHF16,9767,1
TM9SF4,9777,1
RNF144A,9781,1
RIMS3,9783,1
SPCS2,9789,1
SCRN1,9805,1
IP6K1,9807,1
GIT2,9815,1
URB2,9816,1
TSC22D2,9819,1
CUL7,9820,1
SPATA2,9825,1
ZBTB24,9841,1
KIAA0528,9847,1
ZNF518A,9849,1
KIAA0753,9851,1
FARP2,9855,1
LRIG2,9860,1
MED24,9862,1
KIAA0317,9870,1
ZC3H11A,9877,1
ZBTB39,9880,1
POM121,9883,1
RHOBTB1,9886,1
NUAK1,9891,1
TECPR2,9895,1
FIG4,9896,1
SV2A,9900,1
RBM19,9904,1
SLC35E2,9906,1
NCAPD2,9918,1
RNF10,9921,1
ZBTB40,9923,1
PAN2,9924,1
ZBTB5,9925,1
MAGEC1,9947,1
THRAP3,9967,1
MED12,9968,1
RBX1,9978,1
FGFBP1,9982,1
RCE1,9986,1
SCO2,9997,1
SRA1,10011,1
HDAC6,10013,1
HDAC5,10014,1
BCL2L10,10017,1
FRAT1,10023,1
UBA2,10054,1
ABCC5,10057,1
USH1C,10083,1
UST,10090,1
CTDSP2,10106,1
BCAP31,10134,1
RBM12,10137,1
PDZK1IP1,10158,1
WASF2,10163,1
SLC25A13,10165,1
SERF2,10169,1
RBM5,10181,1
RNF41,10193,1
MPHOSPH9,10198,1
DHRS2,10202,1
MPZL2,10205,1
PRG4,10216,1
KCNMB2,10242,1
HRSP12,10247,1
POP7,10248,1
SRRM1,10250,1
CDK2AP2,10263,1
AKAP8,10270,1
STAG1,10274,1
UBE4B,10277,1
EFS,10278,1
SAP18,10284,1
SPEG,10290,1
SF3A1,10291,1
PAK4,10298,1
CACNG2,10369,1
SCML2,10389,1
CORO2B,10391,1
WFDC2,10406,1
SPAG11B,10407,1
ATP5H,10476,1
C1orf61,10485,1
VAT1,10493,1
CARM1,10498,1
NCOA2,10499,1
SEMA6C,10500,1
SEMA4F,10505,1
CHERP,10523,1
IPO7,10527,1
SSSCA1,10534,1
DCTN2,10540,1
HBXIP,10542,1
PRDX4,10549,1
AGPAT2,10555,1
MTHFS,10588,1
SCGN,10590,1
C6orf108,10591,1
TRIM16,10626,1
MYL12A,10627,1
ATP5L,10632,1
RASL10A,10633,1
LEFTY1,10637,1
IGF2BP1,10642,1
IGF2BP3,10643,1
IGF2BP2,10644,1
CAMKK2,10645,1
SCGB1D1,10648,1
PMVK,10654,1
KHDRBS1,10657,1
CELF1,10658,1
CTCF,10664,1
DCTN6,10671,1
GMEB1,10691,1
STAG3,10734,1
RFPL1S,10740,1
MASP2,10747,1
PLAC1,10761,1
KDM5B,10765,1
HBS1L,10767,1
ZNF266,10781,1
IQGAP2,10788,1
ZNF268,10795,1
CPLX2,10814,1
FRS2,10818,1
NEU3,10825,1
SMR3B,10879,1
NPFFR2,10886,1
PROKR1,10887,1
LYVE1,10894,1
YIF1A,10897,1
JTB,10899,1
PNPLA6,10908,1
UTS2,10911,1
SEC61B,10952,1
LMAN2,10960,1
RAB40B,10966,1
CKAP4,10970,1
ASCC3,10973,1
UQCR11,10975,1
MAPRE2,10982,1
KCNQ1OT1,10984,1
GCN1L1,10985,1
CCDC85B,11007,1
KLK11,11012,1
ATF7,11016,1
RAB35,11021,1
STON1,11037,1
UPK1A,11045,1
CPSF6,11052,1
CEP110,11064,1
TOPBP1,11073,1
PTPN21,11099,1
ATE1,11101,1
KATNA1,11104,1
PRDM4,11108,1
CIT,11113,1
CAPN11,11131,1
SLC7A9,11136,1
PWP1,11137,1
HHLA2,11148,1
FICD,11153,1
WDHD1,11169,1
BAZ2A,11176,1
WDR6,11180,1
MAP4K1,11184,1
NISCH,11188,1
CEP250,11190,1
SEC23IP,11196,1
SUPT16H,11198,1
KLK8,11202,1
FZD10,11211,1
AKAP10,11216,1
PRAF2,11230,1
GPR45,11250,1
HRH3,11255,1
SYNRG,11276,1
TREX1,11277,1
KLF12,11278,1
KLF8,11279,1
SCN11A,11280,1
POU6F2,11281,1
RBPJL,11317,1
CASC3,22794,1
COG2,22796,1
XRN2,22803,1
PUF60,22827,1
RBM16,22828,1
KIAA1009,22832,1
DLGAP4,22839,1
PPM1E,22843,1
ZNF507,22847,1
AAK1,22848,1
LMTK2,22853,1
NLRP1,22861,1
FNDC3A,22862,1
KIAA0831,22863,1
MLXIP,22877,1
MORC2,22880,1
WDR37,22884,1
FOXJ3,22887,1
ZBTB1,22890,1
BTBD3,22903,1
EPN2,22905,1
WDR47,22911,1
MAPRE1,22919,1
AKR7A3,22977,1
EFR3B,22979,1
NINL,22981,1
MAST1,22983,1
PDCD11,22984,1
ACIN1,22985,1
SV2C,22987,1
MYH15,22989,1
PCNX,22990,1
DAAM1,23002,1
SPEN,23013,1
CNOT1,23019,1
SNRNP200,23020,1
TMCC1,23023,1
UNC13A,23025,1
MYO16,23026,1
KDM1A,23028,1
KDM4B,23030,1
MAST3,23031,1
DOPEY1,23033,1
ZNF292,23036,1
NCOA6,23054,1
WAPAL,23063,1
CAND2,23066,1
SETD1B,23067,1
ERP44,23071,1
RRP1B,23076,1
MYCBP2,23077,1
PPRC1,23082,1
ERC1,23085,1
ZNF423,23090,1
TTLL5,23093,1
KIF1B,23095,1
CDK19,23097,1
SARM1,23098,1
MCF2L2,23101,1
DDN,23109,1
TNRC6B,23112,1
CUL9,23113,1
TAB2,23118,1
POGZ,23126,1
GPATCH8,23131,1
RAD54L2,23132,1
PHF8,23133,1
KDM6B,23135,1
NACAD,23148,1
CIC,23152,1
MAPK8IP3,23162,1
CEP68,23177,1
PASK,23178,1
DIP2A,23181,1
MDN1,23195,1
PSME4,23198,1
FAM168A,23201,1
SYT11,23208,1
RRP12,23223,1
EXOC6B,23233,1
ARC,23237,1
KIAA0556,23247,1
OTUD3,23252,1
KAZ,23254,1
DNMBP,23268,1
MGA,23269,1
TSPYL4,23270,1
KLHL18,23276,1
ANKS1A,23294,1
EHBP1,23301,1
TMEM194A,23306,1
SIN3B,23309,1
CUX2,23316,1
DNAJC13,23317,1
ZCCHC11,23318,1
KIAA1033,23325,1
USP22,23326,1
SASH1,23328,1
TTC28,23331,1
CLASP1,23332,1
DNAJC16,23341,1
ESYT1,23344,1
SYNE1,23345,1
KIAA1045,23349,1
KHNYN,23351,1
UBR4,23352,1
PSD3,23362,1
CRTC1,23373,1
SRGAP2,23380,1
KIAA0892,23383,1
MED13L,23389,1
ZDHHC17,23390,1
ADNP,23394,1
NCAPH,23397,1
PPWD1,23398,1
DICER1,23405,1
KCNH4,23415,1
TMED3,23423,1
RHOQ,23433,1
ATP1B4,23439,1
SF3B1,23451,1
CBX5,23468,1
ETHE1,23474,1
BRD4,23476,1
SEC61G,23480,1
ZFYVE26,23503,1
TMEM131,23505,1
TTC9,23508,1
POFUT1,23509,1
SUZ12,23512,1
MYST4,23522,1
SRRM2,23524,1
ZNF281,23528,1
TNPO3,23534,1
RBM9,23543,1
ATP6V0A2,23545,1
WBP2,23558,1
AMACR,23600,1
CORO1C,23603,1
ZMYND8,23613,1
PPY2,23614,1
PYY2,23615,1
FAM89B,23625,1
KCNE1L,23630,1
ZKSCAN5,23660,1
SDF2L1,23753,1
CLDN15,24146,1
ZNF318,24149,1
C15orf63,25764,1
PRPF40B,25766,1
C22orf31,25770,1
DSTYK,25778,1
TMEM59L,25789,1
BAMBI,25805,1
PRDX5,25824,1
TXN2,25828,1
NBPF14,25832,1
MGAT4C,25834,1
ABTB2,25841,1
TECPR1,25851,1
USP49,25862,1
DCAF13,25879,1
POLR1A,25885,1
INTS7,25896,1
RTTN,25914,1
NDUFAF3,25915,1
ZNF521,25925,1
PTPN23,25930,1
HEATR5A,25938,1
C20orf194,25943,1
KBTBD2,25948,1
KANK2,25959,1
DNAH1,25981,1
KRT23,25984,1
REXO2,25996,1
CLIP3,25999,1
ODZ4,26011,1
ACOT11,26027,1
PLEKHG3,26030,1
CHD5,26038,1
SETBP1,26040,1
LRRTM2,26045,1
FAM169A,26049,1
GIGYF2,26058,1
FAM127B,26071,1
PYGO1,26108,1
WSB1,26118,1
TRPC4AP,26133,1
C10orf12,26148,1
ZNF337,26152,1
OR2B6,26212,1
FBXL6,26233,1
FBXL5,26234,1
FBXW8,26259,1
FBXO24,26261,1
SLC13A4,26266,1
FBXO10,26267,1
FBXO4,26272,1
NUPR1,26471,1
PPP1R14B,26472,1
CNNM1,26507,1
TIMM8B,26521,1
EIF2C1,26523,1
OR10G3,26533,1
OSTF1,26578,1
VCX,26609,1
RPS6KC1,26750,1
HAVCR1,26762,1
COPG2,26958,1
AKAP8L,26993,1
TCL6,27004,1
NOX1,27035,1
C1orf107,27042,1
VPS41,27072,1
UQCRQ,27089,1
DKK3,27122,1
MORC1,27136,1
KIAA1274,27143,1
FAM184B,27146,1
STK36,27148,1
CPAMD8,27151,1
NAAA,27163,1
PRELID1,27166,1
DISC1,27185,1
SULT1C4,27233,1
GPKOW,27238,1
BBS9,27241,1
CHMP2A,27243,1
AHDC1,27245,1
PCDH17,27253,1
CNTN6,27255,1
LSM3,27258,1
C10orf28,27291,1
ZNF638,27332,1
GOLIM4,27333,1
UTP20,27340,1
EML4,27436,1
SLCO1B3,28234,1
CDH20,28316,1
CCDC22,28952,1
ROBLD3,28956,1
SLC27A6,28965,1
IFT81,28981,1
FLVCR1,28982,1
C13orf15,28984,1
METTL11A,28989,1
COMMD5,28991,1
HIPK2,28996,1
MRPL13,28998,1
ZC3H7A,29066,1
C1GALT1C1,29071,1
HSPC072,29075,1
METTL5,29081,1
MRPL22,29093,1
SCG3,29106,1
PYCARD,29108,1
DDX25,29118,1
ZDHHC8,29801,1
TFCP2L1,29842,1
SENP1,29843,1
TFPT,29844,1
ALG5,29880,1
NPC1L1,29881,1
MYLPF,29895,1
CCDC106,29903,1
HCFC2,29915,1
DSE,29940,1
PURG,29942,1
PNMA3,29944,1
POMT2,29954,1
PACSIN1,29993,1
BAZ2B,29994,1
TNPO2,30000,1
KCNIP3,30818,1
ZNF354C,30832,1
NT5C,30833,1
CD209,30835,1
SOCS7,30837,1
PIK3R4,30849,1
SMARCAL1,50485,1
DUOX2,50506,1
NOX4,50507,1
GALNT9,50614,1
CYHR1,50626,1
CALY,50632,1
ANO7,50636,1
NEUROG3,50674,1
NSDHL,50814,1
TAS2R10,50839,1
SPOCK3,50859,1
CDON,50937,1
IMPG2,50939,1
ISOC1,51015,1
RRP15,51018,1
GLRX2,51022,1
MRPS18C,51023,1
BOLA1,51027,1
ZNF593,51042,1
ST8SIA3,51046,1
RPS27L,51065,1
TMX2,51075,1
MRPS7,51081,1
MLXIPL,51085,1
RPL26L1,51121,1
ZNF706,51123,1
SAR1B,51128,1
CHCHD2,51142,1
HN1,51155,1
ZNF580,51157,1
VPS28,51160,1
MYO15A,51168,1
LEF1,51176,1
DCXR,51181,1
RSL24D1,51187,1
RAPGEFL1,51195,1
CLDN18,51208,1
LUZP4,51213,1
ZNF219,51222,1
PIGP,51227,1
PHF20,51230,1
TMEM85,51234,1
MRPL27,51264,1
TFDP3,51270,1
ZNF571,51276,1
SCAND1,51282,1
CHCHD8,51287,1
ARMCX1,51309,1
PHF21A,51317,1
AMZ2,51321,1
TNFRSF12A,51330,1
PRR16,51334,1
C8orf55,51337,1
KRT76,51350,1
CDC40,51362,1
PLA1A,51365,1
TEX264,51368,1
POMP,51371,1
C2orf28,51374,1
ZNF589,51385,1
ANAPC5,51433,1
ANAPC7,51434,1
HPCAL4,51440,1
VCX3A,51481,1
NOP16,51491,1
C11orf73,51501,1
CWC15,51503,1
TRMT112,51504,1
ANAPC11,51529,1
VTA1,51534,1
VPS54,51542,1
CCRL1,51554,1
NT5DC3,51559,1
SRRT,51593,1
NBAS,51594,1
HMP19,51617,1
MRPS23,51649,1
PTRH2,51651,1
TMEM66,51669,1
SUFU,51684,1
OAZ3,51686,1
LSM7,51690,1
TRAPPC2L,51693,1
HECA,51696,1
NLK,51701,1
PADI3,51702,1
SELT,51714,1
CMPK1,51727,1
GHRL,51738,1
CDK12,51755,1
MYOZ2,51778,1
TM6SF2,53345,1
ZFYVE1,53349,1
GPR87,53836,1
CDHR5,53841,1
RAB24,53917,1
C21orf29,54084,1
TLR9,54106,1
NANS,54187,1
SNTG1,54212,1
GDAP1,54332,1
DPM3,54344,1
NLGN3,54413,1
SIAE,54414,1
SSH1,54434,1
PLEKHA5,54477,1
C11orf71,54494,1
HEATR5B,54497,1
TMCO1,54499,1
ADAMTSL4,54507,1
EXOSC4,54512,1
MRPL50,54534,1
SDK2,54549,1
MAGEL2,54551,1
UGT1A5,54579,1
L1TD1,54596,1
CCNJ,54619,1
UGT1A1,54658,1
RAB39,54734,1
IL17RD,54756,1
HYDIN,54768,1
HAUS6,54801,1
CNNM2,54805,1
GIPC2,54810,1
ZNF562,54811,1
KLHL28,54813,1
QPCTL,54814,1
GATAD2A,54815,1
C1orf26,54823,1
BEST2,54831,1
BSPRY,54836,1
FBXL12,54850,1
GON4L,54856,1
BCOR,54880,1
ELOVL2,54898,1
SEMA4C,54910,1
KIAA1797,54914,1
LIME1,54923,1
DUSP23,54935,1
SARS2,54938,1
CXorf48,54967,1
C2orf42,54980,1
C9orf95,54981,1
ULK4,54986,1
C1orf123,54987,1
ACSM5,54988,1
C11orf59,55004,1
RMND1,55005,1
C19orf24,55009,1
USP47,55031,1
SOBP,55084,1
CXorf57,55086,1
WDYHV1,55093,1
SAMD4B,55095,1
GPATCH2,55105,1
HEATR1,55127,1
TRIM68,55128,1
RBM28,55131,1
C19orf73,55150,1
MSL2,55167,1
KLHL11,55175,1
FAM82A2,55177,1
C20orf12,55184,1
RIC8B,55188,1
NUDT11,55190,1
PBRM1,55193,1
APPL2,55198,1
MAP1S,55201,1
SBNO1,55206,1
DPPA4,55211,1
ETNK2,55224,1
SLC38A7,55238,1
KIRREL,55243,1
ASXL2,55252,1
TMEM19,55266,1
IMP3,55272,1
TMEM100,55273,1
ACOXL,55289,1
RFK,55312,1
WDR33,55339,1
LAPTM4B,55353,1
PI4K2A,55361,1
TNFRSF19,55504,1
NOP10,55505,1
SLC35E3,55508,1
DDX43,55510,1
SMPD3,55512,1
ELMOD1,55531,1
SLC30A10,55532,1
CDV3,55573,1
VEZT,55591,1
OTUD5,55593,1
ZCCHC8,55596,1
ITLN1,55600,1
KIF16B,55614,1
ASAP3,55616,1
TTC27,55622,1
ZNF407,55628,1
SLC39A4,55630,1
CHD7,55636,1
NHP2,55651,1
HIF1AN,55662,1
C14orf118,55668,1
SLC30A6,55676,1
IWS1,55677,1
LIMS2,55679,1
SCYL2,55681,1
KIAA1310,55683,1
YEATS2,55689,1
IARS2,55699,1
FLJ10357,55701,1
POLR3B,55703,1
CCDC88A,55704,1
IPO9,55705,1
LMBR1L,55716,1
FAM178A,55719,1
BTBD7,55727,1
N4BP2,55728,1
ATF7IP,55729,1
ENAH,55740,1
CHFR,55743,1
NUP133,55746,1
CDK5RAP2,55755,1
RCOR3,55758,1
H2AFJ,55766,1
FGD6,55785,1
LRP2BP,55805,1
TRERF1,55809,1
UTP6,55813,1
KDM3A,55818,1
SELS,55829,1
TMEM111,55831,1
CAND1,55832,1
ITFG2,55846,1
CISD1,55847,1
TMEM165,55858,1
BEX1,55859,1
TMEM126B,55863,1
GSDMB,55876,1
MESP1,55897,1
ZNF302,55900,1
MLL5,55904,1
ZC4H2,55906,1
ERBB2IP,55914,1
C1orf183,55924,1
RAG1AP1,55974,1
NXF3,56000,1
C19orf10,56005,1
PCDHGC4,56098,1
RNF17,56163,1
STK31,56164,1
C21orf62,56245,1
YLPM1,56252,1
CTNNBL1,56259,1
CPXM1,56265,1
WDR45L,56270,1
SLC7A10,56301,1
DNAJC12,56521,1
SLC2A9,56606,1
TMPRSS4,56649,1
C10orf2,56652,1
MUC13,56667,1
SUCNR1,56670,1
GRIPAP1,56850,1
C15orf24,56851,1
UGGT1,56886,1
MDM1,56890,1
AGPAT4,56895,1
DPYSL5,56896,1
DHX33,56919,1
CA10,56934,1
C11orf75,56935,1
C16orf61,56942,1
ENY2,56943,1
C11orf30,56946,1
ATXN7L3,56970,1
PRDM9,56979,1
PRDM10,56980,1
PRDM11,56981,1
BBX,56987,1
TULP4,56995,1
ADAMTS9,56999,1
ACN9,57001,1
CXCR7,57007,1
COQ9,57017,1
SLC17A7,57030,1
ENTPD7,57089,1
TRIM49,57093,1
PARP11,57097,1
C12orf5,57103,1
RAB25,57111,1
CAMK1D,57118,1
GOPC,57120,1
NUP107,57122,1
RHBG,57127,1
MAN1C1,57134,1
RALGAPB,57148,1
LYRM1,57149,1
ZMIZ1,57178,1
SLC39A10,57181,1
ATP8B2,57198,1
KIAA0495,57212,1
VANGL2,57216,1
NHSL1,57224,1
ZNF286A,57335,1
SENP7,57337,1
TTYH1,57348,1
S100A14,57402,1
MIF4GD,57409,1
NDRG3,57446,1
BIRC6,57448,1
GATAD2B,57459,1
PPM1H,57460,1
TBC1D24,57465,1
SFRS15,57466,1
HHATL,57467,1
ERMN,57471,1
ZNF490,57474,1
SHROOM4,57477,1
PLEKHG1,57480,1
ARID1B,57492,1
RIMKLB,57494,1
MKL2,57496,1
ZNF608,57507,1
SERINC1,57515,1
RGAG1,57529,1
HACE1,57531,1
MIB1,57534,1
KIAA1328,57536,1
WDR35,57539,1
TXNDC16,57544,1
PDP2,57546,1
TAOK1,57551,1
DOCK6,57572,1
KIF17,57576,1
KIAA1409,57578,1
PREX1,57580,1
TMEM181,57583,1
CRAMP1L,57585,1
KIAA1432,57589,1
FNIP2,57600,1
KIAA1462,57608,1
DIP2B,57609,1
KIAA1467,57613,1
ZBTB2,57621,1
LRFN1,57622,1
EP400,57634,1
CCDC146,57639,1
MYH7B,57644,1
DHX37,57647,1
KIAA1524,57650,1
PHRF1,57661,1
FBRSL1,57666,1
KIAA1549,57670,1
BEND3,57673,1
GPAM,57678,1
ALS2,57679,1
CHD8,57680,1
CACHD1,57685,1
ZNF317,57693,1
DDX55,57696,1
FANCM,57697,1
CPNE5,57699,1
SEMA4G,57715,1
ANO8,57719,1
KIAA1632,57724,1
WDR19,57728,1
SPTBN4,57731,1
POLD4,57804,1
SLC46A2,57864,1
NGB,58157,1
SQRDL,58472,1
RPRD1B,58490,1
PROL1,58503,1
MLL3,58508,1
DLGAP3,58512,1
DMRT3,58524,1
WIZ,58525,1
IL22RA1,58985,1
CACNG7,59284,1
PRDM12,59335,1
KLHL12,59349,1
SLC25A19,60386,1
EDA2R,60401,1
TGIF2,60436,1
SLC5A7,60482,1
PPCDC,60490,1
HPSE2,60495,1
ALX4,60529,1
DHX35,60625,1
PAPPA2,60676,1
C4orf41,60684,1
BCORL1,63035,1
BCAN,63827,1
VIPAR,63894,1
GPATCH3,63906,1
ZNF335,63925,1
PRDM16,63976,1
PRDM15,63977,1
PRDM14,63978,1
ANO3,63982,1
RBM26,64062,1
CDH23,64072,1
ELSPBP1,64100,1
DUS1L,64118,1
RRAGC,64121,1
FN3K,64122,1
MMS19,64210,1
LHX5,64211,1
NOC3L,64318,1
HIF3A,64344,1
SIL1,64374,1
IKZF4,64375,1
GMCL1,64395,1
GMCL1L,64396,1
SUDS3,64426,1
TTC31,64427,1
C14orf135,64430,1
TTTY15,64595,1
GIGYF1,64599,1
ANAPC1,64682,1
NUCKS1,64710,1
CCDC136,64753,1
FAM59A,64762,1
RBM15,64783,1
CCDC21,64793,1
RMND5A,64795,1
ARV1,64801,1
AGXT2L1,64850,1
VWA1,64856,1
PLEKHG2,64857,1
PAPOLG,64895,1
C12orf43,64897,1
MRPL14,64928,1
MRPS24,64951,1
MRPS11,64963,1
MRPL41,64975,1
MRPL38,64978,1
MRPL36,64979,1
MRPL32,64983,1
MRPL11,65003,1
SLC26A10,65012,1
CDK15,65061,1
VPS33A,65082,1
KRI1,65095,1
RSRC2,65117,1
WNK1,65125,1
PCDH15,65217,1
ZNF643,65243,1
SPATS2,65244,1
ZSWIM4,65249,1
PYCRL,65263,1
WNK4,65266,1
WNK3,65267,1
STK33,65975,1
CAPRIN2,65981,1
AACS,65985,1
ZBTB10,65986,1
MRPS34,65993,1
LRRC61,65999,1
LYNX1,66004,1
MRP63,78988,1
OTUB2,78990,1
GDAP1L1,78997,1
VKORC1,79001,1
CAMKV,79012,1
DDX54,79039,1
TSEN34,79042,1
TRPM8,79054,1
TMEM223,79064,1
DCTPP1,79077,1
ZNF426,79088,1
TRAPPC6A,79090,1
C9orf16,79095,1
DERL1,79139,1
PPDPF,79144,1
GNPTAB,79158,1
ZNF576,79177,1
FSD1,79187,1
BIRC7,79444,1
NKAIN1,79570,1
ABHD8,79575,1
GPR172A,79581,1
MRPL24,79590,1
SAP130,79595,1
RNF219,79596,1
CEP97,79598,1
LASS4,79603,1
C6orf211,79624,1
CHMP6,79643,1
AKIRIN1,79647,1
PLEKHF2,79666,1
FN3KRP,79672,1
VTCN1,79679,1
C17orf101,79701,1
NOL9,79707,1
GLT25D1,79709,1
NPEPL1,79716,1
C15orf29,79768,1
ZFHX4,79776,1
IQCA1,79781,1
LRRC31,79782,1
GSDMD,79792,1
C12orf49,79794,1
HHIPL2,79802,1
VASH2,79805,1
PIP4K2C,79837,1
TMEM180,79847,1
PDZD3,79849,1
TM4SF20,79853,1
SNX22,79856,1
TREML2,79865,1
TCTN2,79867,1
TMC7,79905,1
ATAD5,79915,1
NANOG,79923,1
SYNPO2L,79933,1
PDZD7,79955,1
PCNXL2,80003,1
NAA25,80018,1
TMEM62,80021,1
SLC24A6,80024,1
FBXL18,80028,1
CSRNP3,80034,1
DCAF17,80067,1
C6orf208,80069,1
CCDC15,80071,1
C6orf97,80129,1
ZNF703,80139,1
THOC7,80145,1
CEP290,80184,1
TMEM134,80194,1
RNF34,80196,1
ARMC9,80210,1
CCDC92,80212,1
C10orf79,80217,1
ORAI2,80228,1
C16orf70,80262,1
HSD3B7,80270,1
GRPEL1,80273,1
SCUBE1,80274,1
C2orf44,80304,1
SPHKAP,80309,1
KLHL15,80311,1
TET1,80312,1
EPC1,80314,1
ZKSCAN3,80317,1
TNKS2,80351,1
ACAD10,80724,1
SRCIN1,80725,1
KIAA1683,80726,1
THSD7B,80731,1
NDFIP1,80762,1
ZNF436,80818,1
DUSP16,80824,1
SH3BP5L,80851,1
TMPRSS5,80975,1
KCNH6,81033,1
GPR63,81491,1
MAGED4B,81557,1
CSRNP2,81566,1
CCDC130,81576,1
TRIM7,81786,1
TIGD6,81789,1
SLCO5A1,81796,1
SHARPIN,81858,1
ARPC5L,81873,1
RAB1B,81876,1
MXD3,83463,1
DNAL1,83544,1
RTBDN,83546,1
GPR101,83550,1
AMMECR1L,83607,1
C19orf12,83636,1
TEX101,83639,1
SELO,83642,1
CCDC3,83643,1
FAM167A,83648,1
CRISPLD1,83690,1
HSDL1,83693,1
TRPT1,83707,1
ITCH,83737,1
TAS1R3,83756,1
GPR61,83873,1
MIXL1,83881,1
PRSS27,83886,1
TTLL2,83887,1
WDR87,83889,1
STK40,83931,1
C1orf124,83932,1
TSSK6,83983,1
KREMEN1,83999,1
OBSCN,84033,1
KATNAL1,84056,1
GPR98,84059,1
FAM160A2,84067,1
ARMC2,84071,1
HORMAD1,84072,1
ANKRD27,84079,1
FBXO30,84085,1
ZIC4,84107,1
USP42,84132,1
ZNRF3,84133,1
FAM161A,84140,1
C19orf44,84167,1
POLR1B,84172,1
CHD6,84181,1
FAM96A,84191,1
USP48,84196,1
SGK196,84197,1
TXNDC2,84203,1
MEX3B,84206,1
RGPD5,84220,1
TMEM191A,84222,1
NBPF3,84224,1
MAF1,84232,1
TMEM126A,84233,1
ATP13A4,84239,1
GARNL3,84253,1
TCHP,84260,1
C9orf89,84270,1
TMEM175,84286,1
ING5,84289,1
UTP23,84294,1
DDI2,84301,1
NUDT22,84304,1
CCDC77,84318,1
C16orf13,84326,1
ZBED3,84327,1
FAM195A,84331,1
HHIPL1,84439,1
RAB11FIP4,84440,1
DOT1L,84444,1
ZNF333,84449,1
LCOR,84458,1
BTBD12,84464,1
MEGF10,84466,1
FBN3,84467,1
FAM120B,84498,1
JPH4,84502,1
ACRBP,84519,1
C14orf142,84520,1
ZNF559,84527,1
ACSS1,84532,1
KRBA1,84626,1
TNRC18,84629,1
SPZ1,84654,1
EMR3,84658,1
FAM126A,84668,1
TRIM63,84676,1
KDM2B,84678,1
HINT2,84681,1
LOXL3,84695,1
GTPBP3,84705,1
PLEKHA8,84725,1
BAT2L1,84726,1
CBX2,84733,1
UNC119B,84747,1
USP30,84749,1
ZNF607,84775,1
NAA11,84779,1
ZNF496,84838,1
RAX2,84839,1
PTPN5,84867,1
GPR128,84873,1
ZSCAN10,84891,1
RNFT2,84900,1
ZNF341,84905,1
SLC35B4,84912,1
ATOH8,84913,1
PPP1R15B,84919,1
C8orf76,84933,1
MAEL,84944,1
LTV1,84946,1
TIGD5,84948,1
CGNL1,84952,1
NUDCD1,84955,1
JUB,84962,1
C1orf94,84970,1
DISP1,84976,1
C12orf62,84987,1
PPP1R16A,84988,1
TMEM141,85014,1
REPS1,85021,1
HIST1H2BK,85236,1
PAQR8,85315,1
ALG2,85365,1
DNAJC14,85406,1
CCNB3,85417,1
DISP2,85455,1
SSH2,85464,1
LBX2,85474,1
SCIN,85477,1
SCRT2,85508,1
ANKRD13A,88455,1
SERPINB12,89777,1
GAL3ST3,89792,1
NAV1,89796,1
ABCC10,89845,1
FAM125B,89853,1
KLHL6,89857,1
C3orf15,89876,1
UBE3B,89910,1
PAPLN,89932,1
VWA5B2,90113,1
EMILIN3,90187,1
UCN2,90226,1
FAM110B,90362,1
DCAF15,90379,1
MED30,90390,1
C15orf57,90416,1
ZNF625,90589,1
ZNF439,90594,1
LRRC16B,90668,1
ANGEL2,90806,1
DHX57,90957,1
FMNL3,91010,1
TRIM47,91107,1
LOC91316,91316,1
UBXN11,91544,1
RPS19BP1,91582,1
PLXNA4,91584,1
C22orf32,91689,1
C14orf43,91748,1
KIAA1919,91749,1
LIN52,91750,1
NEK9,91754,1
FAM55C,91775,1
MYLK3,91807,1
NDUFAF2,91942,1
CXorf40A,91966,1
ZNF300,91975,1
MYOZ3,91977,1
SNX29,92017,1
ZC3HAV1L,92092,1
ZNF585B,92285,1
TMEM129,92305,1
MEX3A,92312,1
MRRF,92399,1
HELB,92797,1
HIST3H2A,92815,1
NEURL3,93082,1
NAPRT1,93100,1
OLFM2,93145,1
MYOCD,93649,1
ATPIF1,93974,1
LRRC4B,94030,1
RP1L1,94137,1
OPN4,94233,1
TGS1,96764,1
MYL12B,103910,1
PRRT2,112476,1
NCRNA00152,112597,1
TUBA3E,112714,1
PHF21B,112885,1
NACC1,112939,1
C12orf57,113246,1
GLCCI1,113263,1
CMTM1,113540,1
MFSD3,113655,1
MAL2,114569,1
LRRC37B,114659,1
CARD16,114769,1
BTBD9,114781,1
STK11IP,114790,1
CROCCL2,114819,1
PNMA5,114824,1
FHAD1,114827,1
OSBPL11,114885,1
C1QTNF4,114900,1
SLC26A7,115111,1
FBXO17,115290,1
GEFT,115557,1
TNFRSF13C,115650,1
WDFY2,115825,1
NXNL1,115861,1
CCDC151,115948,1
ZNF653,115950,1
FOXP4,116113,1
C20orf108,116151,1
CYYR1,116159,1
OLIG1,116448,1
MRGPRE,116534,1
MRPL54,116541,1
HSPA12B,116835,1
DACH2,117154,1
RAB3IP,117177,1
DEFB118,117285,1
TRIM6,117854,1
GDEP,118425,1
MUCL1,118430,1
C10orf71,118461,1
CHCHD1,118487,1
MMP21,118856,1
COMTD1,118881,1
C10orf4,118924,1
PDZD8,118987,1
LYZL2,119180,1
CLRN3,119467,1
FAT3,120114,1
LRIG3,121227,1
SLC15A4,121260,1
ZNF641,121274,1
KRT74,121391,1
SPPL3,121665,1
OR11H6,122748,1
C15orf40,123207,1
MTFMT,123263,1
TMEM219,124446,1
C17orf95,124512,1
TMEM132E,124842,1
WFIKKN2,124857,1
SEZ6,124925,1
ANKRD13B,124930,1
CYB5D2,124936,1
LOXHD1,125336,1
RAVER1,125950,1
COX6B2,125965,1
C19orf70,125988,1
ZNF440,126070,1
CCDC105,126402,1
CYP4F22,126410,1
FBXO27,126433,1
ANKLE1,126549,1
KLHDC9,126823,1
C1orf125,126859,1
ATXN7L2,127002,1
MYOM3,127294,1
VWA5B1,127731,1
EDARADD,128178,1
APOA1BP,128240,1
C20orf94,128710,1
BPIL3,128859,1
FAM83C,128876,1
EMID1,129080,1
KLRAQ1,129285,1
ACMSD,130013,1
FAM168B,130074,1
C2orf63,130162,1
LYPD6B,130576,1
CPNE4,131034,1
FAM3D,131177,1
TRIM71,131405,1
CHCHD4,131474,1
ZDHHC19,131540,1
TMEM42,131616,1
UROC1,131669,1
COL6A6,131873,1
TMEM207,131920,1
METTL6,131965,1
SYNPR,132204,1
OCIAD2,132299,1
ENPP6,133121,1
NHEDC2,133308,1
NUDCD2,134492,1
ADAT2,134637,1
CLVS2,134829,1
HINT3,135114,1
B3GAT2,135152,1
SFRS13B,135295,1
ZNF786,136051,1
C7orf31,136895,1
FAM92A1,137392,1
ABRA,137735,1
TMEM71,137835,1
SGCZ,137868,1
DCAF4L2,138009,1
C9orf85,138241,1
PTRH1,138428,1
TAF1L,138474,1
C9orf23,138716,1
BEND2,139105,1
FAM123B,139285,1
SMEK3P,139420,1
FOXR2,139628,1
TCP10L,140290,1
ASB5,140458,1
S100A16,140576,1
ACTRT2,140625,1
SLC32A1,140679,1
C20orf112,140688,1
C20orf117,140710,1
C20orf118,140711,1
NRSN1,140767,1
SMCR8,140775,1
C20orf56,140828,1
FAM65C,140876,1
ITLN2,142683,1
KBTBD3,143879,1
AMDHD1,144193,1
ZNF664,144348,1
TMEM120B,144404,1
GLT1D1,144423,1
FAM109A,144717,1
ADAM21P1,145241,1
ABHD12B,145447,1
FAM161B,145483,1
ISM2,145501,1
C14orf145,145508,1
MDP1,145553,1
LRFN5,145581,1
C15orf61,145853,1
TTBK2,146057,1
ZFP90,146198,1
GSG1L,146395,1
ZNF688,146542,1
DNAH2,146754,1
SLC47A2,146802,1
TMEM190,147744,1
ZNF524,147807,1
ZNF420,147923,1
DPY19L3,147991,1
C19orf55,148137,1
ZNF558,148156,1
ZNF98,148198,1
ZNF569,148266,1
ZNF570,148268,1
C1orf58,148362,1
LOC148709,148709,1
HFE2,148738,1
PM20D1,148811,1
C1orf150,148823,1
CCDC27,148870,1
DCDC2B,149069,1
LOC149134,149134,1
CLDN19,149461,1
WDR65,149465,1
CCDC17,149483,1
C1orf64,149563,1
C20orf186,149954,1
ZDHHC8P1,150244,1
DUSP18,150290,1
C22orf27,150291,1
ENTHD1,150350,1
TTL,150465,1
CKAP2L,150468,1
FBXO41,150726,1
GPAT2,150763,1
FAM117B,150864,1
CCNYL1,151195,1
KLHL23,151230,1
ASPRV1,151516,1
PPP4R2,151987,1
RNF38,152006,1
CMC1,152100,1
CCDC52,152185,1
CMTM8,152189,1
LOC152217,152217,1
ZNF827,152485,1
SHISA3,152573,1
SLC38A9,153129,1
ZMAT2,153527,1
TRY6,154754,1
C7orf55,154791,1
LOC154822,154822,1
KCTD7,154881,1
C7orf66,154907,1
TMEM213,155006,1
CRYGN,155051,1
RBM33,155435,1
LOC157381,157381,1
AWAT1,158833,1
TCEAL6,158931,1
TMEM20,159371,1
PPTC7,160760,1
C14orf49,161176,1
C14orf21,161424,1
FAM134C,162427,1
TRPV3,162514,1
SLC16A11,162515,1
ZNF791,163049,1
ZNF564,163050,1
ZNF709,163051,1
ZNF567,163081,1
ZNF780B,163131,1
ZNF100,163227,1
TOR1AIP2,163590,1
IL28RA,163702,1
C1orf55,163859,1
FAM43B,163933,1
HFM1,164045,1
APCDD1L,164284,1
LRRN4,164312,1
TTLL9,164395,1
OXER1,165140,1
FAM179A,165186,1
C3orf57,165679,1
GPR156,165829,1
SPATA5,166378,1
MGC42105,167359,1
TXLNB,167838,1
BHLHA15,168620,1
ZCCHC12,170261,1
HTR3C,170572,1
NUDT10,170685,1
ADAMTS16,170690,1
ZNF384,171017,1
ADAMTS19,171019,1
ASXL1,171023,1
RHOV,171177,1
HIGD2A,192286,1
EIF2C3,192669,1
EIF2C4,192670,1
NCRNA00189,193629,1
ANTXRL,195977,1
DNAH10,196385,1
METTL7B,196410,1
PLBD2,196463,1
DCP1B,196513,1
ARID2,196528,1
C10orf72,196740,1
NSMCE1,197370,1
TTC21A,199223,1
ZNF627,199692,1
DAND5,199699,1
CYP4Z1,199974,1
SLC5A9,200010,1
SLFNL1,200172,1
KRTCAP2,200185,1
C1orf69,200205,1
ALMS1P,200420,1
TET3,200424,1
PIKFYVE,200576,1
KRTCAP3,200634,1
FLCN,201163,1
STRA13,201254,1
LOC201651,201651,1
SLC10A4,201780,1
TAPT1,202018,1
DNAJC18,202052,1
NLRP11,204801,1
HIPK1,204851,1
FAM123C,205147,1
NCRNA00116,205251,1
KIAA2018,205717,1
AQPEP,206338,1
SLC36A1,206358,1
DHRSX,207063,1
FAM123A,219287,1
OR4C16,219428,1
TMEM26,219623,1
OR8B12,219858,1
MRPL21,219927,1
GLYATL2,219970,1
MS4A15,219995,1
GDPD4,220032,1
DLEU7,220107,1
DOK6,220164,1
FAM13C,220965,1
PRSS54,221191,1
CES7,221223,1
FAM26D,221301,1
ZUFSP,221302,1
C6orf170,221322,1
GPR115,221393,1
PI16,221476,1
C6orf1,221491,1
ZBTB12,221527,1
PHACTR1,221692,1
ZNF498,221785,1
HOXA11AS,221883,1
C7orf47,221908,1
GPC2,221914,1
SDK1,221935,1
FOXK1,221937,1
ATXN7L1,222255,1
CDHR3,222256,1
BEND7,222389,1
GPRC6A,222545,1
KCTD20,222658,1
SCUBE3,222663,1
ZSCAN23,222696,1
C7orf51,222950,1
DEFB125,245938,1
AFARP1,246182,1
EPHX4,253152,1
LOC253724,253724,1
EBF3,253738,1
WDR27,253769,1
UBN2,254048,1
LRRC43,254050,1
BRWD3,254065,1
FAM26E,254228,1
ZDHHC24,254359,1
MCM9,254394,1
SLC41A1,254428,1
LPCAT4,254531,1
NUDT8,254552,1
TCP11L2,255394,1
COL24A1,255631,1
PCSK9,255738,1
NPNT,255743,1
SYT14,255928,1
SERPINA11,256394,1
TMEM151A,256472,1
TCERG1L,256536,1
LYSMD2,256586,1
SERINC5,256987,1
PLCXD2,257068,1
GCET2,257144,1
SHPRH,257218,1
KLHL34,257240,1
DSCR10,259234,1
WFDC11,259239,1
C9orf144B,259308,1
CYP4X1,260293,1
NPHP4,261734,1
CSNK2A1P,283106,1
KCTD21,283219,1
EFCAB4A,283229,1
RCOR2,283248,1
RPL13P5,283345,1
RASSF3,283349,1
ANKRD52,283373,1
SLC39A5,283375,1
GPR133,283383,1
GAS2L3,283431,1
C12orf51,283450,1
GXYLT1,283464,1
KCNRG,283518,1
LOC283761,283761,1
HTA,283902,1
ZNF843,283933,1
C16orf91,283951,1
CLEC18C,283971,1
FAM100B,283991,1
C17orf58,284018,1
KIAA1267,284058,1
TTLL6,284076,1
FLJ40504,284085,1
C17orf89,284184,1
ZNF780A,284323,1
TMEM145,284339,1
CXCL17,284340,1
ZNF763,284390,1
FAM71E2,284418,1
C19orf77,284422,1
NWD1,284434,1
SLC25A42,284439,1
ODF3L2,284451,1
FAM41C,284593,1
C1orf111,284680,1
BTBD8,284697,1
LOC284749,284749,1
LOC284798,284798,1
C21orf125,284836,1
LOC284837,284837,1
CCDC141,285025,1
IAH1,285148,1
RGPD4,285190,1
ZNF660,285349,1
LOC285375,285375,1
FAM200B,285550,1
ARL10,285598,1
CNPY1,285888,1
ZNF775,285971,1
C8orf31,286122,1
NKAIN3,286183,1
C9orf142,286257,1
CXorf59,286464,1
DDX51,317781,1
TAS2R60,338398,1
LOC338799,338799,1
LST-3TM12,338821,1
C17orf90,339229,1
C17orf51,339263,1
MSL1,339287,1
ZNF260,339324,1
NANOS2,339345,1
MTMR9L,339483,1
ZNF678,339500,1
ZNF642,339559,1
KY,339855,1
RGAG4,340526,1
NHSL2,340527,1
TCEAL5,340543,1
ZC3H12B,340554,1
DCAF12L2,340578,1
LHFPL1,340596,1
C11orf53,341032,1
ANKRD33,341405,1
OR6C4,341418,1
FREM2,341640,1
SLC35F4,341880,1
ZKSCAN2,342357,1
ATXN1L,342371,1
SMTNL2,342527,1
ZSCAN5B,342933,1
AADACL4,343066,1
XKR7,343702,1
NOTO,344022,1
EVX2,344191,1
SH3RF3,344558,1
DVWA,344875,1
MTX3,345778,1
ECT2L,345930,1
ZNF391,346157,1
Sep.14,346288,1
MURC,347273,1
ZNF81,347344,1
DCAF8L2,347442,1
CCDC160,347475,1
LRRTM3,347731,1
TUBB2B,347733,1
OTOP3,347741,1
EP400NL,347918,1
CLEC18A,348174,1
SELV,348303,1
LNP1,348801,1
NUP43,348995,1
ZNF713,349075,1
LOC349114,349114,1
GATS,352954,1
TBC1D26,353149,1
TAS2R42,353164,1
ZNF445,353274,1
TICAM2,353376,1
IRF2BP2,359948,1
TMPRSS9,360200,1
GSTK1,373156,1
CDRT1,374286,1
DKFZp686O24166,374383,1
TMEM179B,374395,1
ZNF710,374655,1
HDDC3,374659,1
SPEM1,374768,1
ZNF699,374879,1
SBSN,374897,1
ZNF829,374899,1
B3GNT8,374907,1
C1orf187,374946,1
SPATA21,374955,1
C1orf175,374977,1
MIA3,375056,1
C1orf95,375057,1
LHFPL4,375323,1
TMEM110,375346,1
VWC2,375567,1
SLC26A5,375611,1
LRRC10,376132,1
CATSPER4,378807,1
C6orf174,387104,1
C6orf204,387119,1
C6orf120,387263,1
RASL11A,387496,1
ILDR2,387597,1
C10orf140,387640,1
SH2D4B,387694,1
C10orf99,387695,1
SLC16A12,387700,1
C17orf76,388341,1
HES5,388585,1
C1orf31,388753,1
LOC388789,388789,1
?,388795,1
C2orf71,388939,1
C2orf78,388960,1
BOLA3,388962,1
SP5,389058,1
PLEKHM3,389072,1
PRR23B,389151,1
PRR23C,389152,1
PLSCR5,389158,1
C4orf52,389203,1
BEND4,389206,1
PSMG4,389362,1
C6orf126,389383,1
C6orf222,389384,1
GLYATL3,389396,1
GATSL1,389523,1
FLJ43860,389690,1
MAFA,389692,1
LRRC26,389816,1
OR5AU1,390445,1
ANKRD34C,390616,1
PABPN1L,390748,1
ZNF793,390927,1
PRAMEF8,391002,1
PRAMEF18,391003,1
OR2L3,391192,1
GRID2IP,392862,1
NCRNA00086,399668,1
FLJ45983,399717,1
C10orf114,399726,1
FOXI2,399823,1
LOC400043,400043,1
C13orf36,400120,1
SH2D5,400745,1
C1orf226,400793,1
EML6,400954,1
C4orf40,401137,1
FLJ22536,401237,1
C8orf59,401466,1
TMEM215,401498,1
MCART6,401612,1
IGLON5,402665,1
UFSP1,402682,1
HAPLN4,404037,1
C10orf105,414152,1
C10orf62,414157,1
C9orf103,414328,1
MGC70857,414919,1
IQSEC3,440073,1
FAM66C,440078,1
LOC440173,440173,1
CCDC88C,440193,1
CATSPER2P1,440278,1
UNC13C,440279,1
RUNDC2C,440352,1
RNASEK,440400,1
GPR179,440435,1
FLJ42875,440556,1
UQCRHL,440567,1
TRIM67,440730,1
MAP1LC3C,440738,1
IQCF6,440956,1
LOC440957,440957,1
C6orf226,441150,1
TMEM151B,441151,1
OOEP,441161,1
PMS2CL,441194,1
AKR1B15,441282,1
SULT1C3,442038,1
RFPL4B,442247,1
ZNF727,442319,1
EID3,493861,1
WEE2,494551,1
CLEC18B,497190,1
C1orf190,541468,1
LOC541471,541471,1
DNAJC25,548645,1
BOLA2,552900,1
DUSP5P,574029,1
DEFB136,613210,1
LOC619207,619207,1
LOC641367,641367,1
FAM138F,641702,1
SEPT7P2,641977,1
LOC642852,642852,1
FAM196A,642938,1
TMEM72,643236,1
KIAA0754,643314,1
LOC643719,643719,1
PGA4,643847,1
WIPF3,644150,1
DRGX,644168,1
ZCCHC18,644353,1
C15orf56,644809,1
LOC645332,645332,1
LOC645676,645676,1
C14orf34,645687,1
CCDC154,645811,1
TMEM90A,646658,1
C2orf84,653140,1
PRB2,653247,1
FAM138B,654412,1
LRTM2,654429,1
PCP4L1,654790,1
RNF208,727800,1
GXYLT2,727936,1
RHOXF2B,727940,1
CT47A1,728096,1
FAM22A,728118,1
DNLZ,728489,1
C12orf71,728858,1
ZNF286B,729288,1
TRIM49L,729384,1
GATSL2,729438,1
GAGE2A,729447,1
AACSL,729522,1
LOC729603,729603,1
LOC730101,730101,1
ZNF735,730291,1
FLJ36777,730971,1
FAM18A,780776,1
C11orf83,790955,1
MIMT1,100073347,1
POM121C,100101267,1
ZNF397OS,100101467,1
FAM138E,100124412,1
HOTAIR,100124700,1
ZGLP1,100125288,1
EGOT,100126791,1
LOC100128164,100128164,1
BET3L,100128327,1
C19orf71,100128569,1
LOC100128675,100128675,1
CCDC152,100129792,1
LOC100130274,100130274,1
SYCE1L,100130958,1
TSTD1,100131187,1
SP9,100131390,1
LOC100132215,100132215,1
LOC100133545,100133545,1
C17orf106,100134934,1
C17orf99,100141515,1
LOC100144603,100144603,1
C19orf69,100170765,1
LOC100190938,100190938,1
LOC100190940,100190940,1
FLJ41941,100192420,1
LOC100240735,100240735,1
ARHGEF33,100271715,1
MTCP1NB,100272147,1
ZNF605,100289635,1
ADCYAP1,116,2
ADH1C,126,2
AGTR1,185,2
AGTR2,186,2
ALPI,248,2
ALPP,250,2
ALPPL2,251,2
AMBP,259,2
AQP7,364,2
ARG1,383,2
ARL2,402,2
ARSE,415,2
ATOH1,474,2
BMP8B,656,2
BRDT,676,2
C6,729,2
CA7,766,2
CAMP,820,2
CAPN3,825,2
CEL,1056,2
CHRNG,1146,2
CMA1,1215,2
CNGA4,1262,2
COL4A3,1285,2
COL17A1,1308,2
CPS1,1373,2
CRYGD,1421,2
CSN2,1447,2
CTSG,1511,2
CYP1B1,1545,2
CYP2C19,1557,2
CYP2C9,1559,2
CYP2C18,1562,2
CFD,1675,2
DLG2,1740,2
DLX5,1749,2
DMPK,1760,2
DSG3,1830,2
EDNRB,1910,2
EREG,2069,2
FABP7,2173,2
FGB,2244,2
FGF10,2255,2
FOXF1,2294,2
FLG,2312,2
NR5A2,2494,2
FUT6,2528,2
GABRA1,2554,2
LRRC32,2615,2
GATA2,2624,2
GFRA2,2675,2
GJA3,2700,2
GLRA2,2742,2
HIST1H1B,3009,2
HIST1H2BB,3018,2
HABP2,3026,2
HGF,3082,2
HMX2,3167,2
HOXB9,3219,2
HOXD10,3236,2
HOXD11,3237,2
HOXD13,3239,2
HPX,3263,2
ERAS,3266,2
HTN1,3346,2
IFRD1,3475,2
IL11,3589,2
IRF3,3661,2
ITPR3,3710,2
KCNJ15,3772,2
KCNQ2,3785,2
KRAS,3845,2
KRT1,3848,2
KRT2,3849,2
KRT7,3855,2
LIF,3976,2
LOR,4014,2
MAGEA2,4101,2
MAGEA8,4107,2
MAGEA12,4111,2
MATN1,4146,2
MC4R,4160,2
MGP,4256,2
MMP10,4319,2
MUC2,4583,2
MYBPC1,4604,2
MYH3,4621,2
MYH4,4622,2
MYL4,4635,2
MYO1A,4640,2
MYOC,4653,2
NDUFS5,4725,2
PNP,4860,2
NPTX2,4885,2
NPY1R,4886,2
NPY6R,4888,2
NPY5R,4889,2
PAX1,5075,2
PCSK1,5122,2
PENK,5179,2
VIT,5212,2
PHEX,5251,2
SERPINA4,5267,2
PLA2G2A,5320,2
PLA2G5,5322,2
PMCH,5367,2
POU3F2,5454,2
PRLR,5618,2
PRODH,5625,2
PYY,5697,2
PVR,5817,2
PVRL2,5819,2
RET,5979,2
RFX4,5992,2
RMRP,6023,2
SNORA63,6043,2
SNORD15A,6079,2
RP1,6101,2
RPE65,6121,2
S100A12,6283,2
ACSM3,6296,2
SCNN1B,6338,2
SCNN1G,6340,2
CCL14,6358,2
CCL18,6362,2
CCL20,6364,2
SEPP1,6414,2
SI,6476,2
SLC1A6,6511,2
SLC3A1,6519,2
SLC6A4,6532,2
SLC10A1,6554,2
SLC14A1,6563,2
SLC17A1,6568,2
SPINK1,6690,2
SST,6750,2
HNF1A,6927,2
TCP10,6953,2
TERC,7012,2
TFF2,7032,2
TCHH,7062,2
THRSP,7069,2
CLDN5,7122,2
CLEC3B,7123,2
TNP1,7141,2
TRH,7200,2
TRPC6,7225,2
TTR,7276,2
COL14A1,7373,2
VGF,7425,2
ZNF224,7767,2
ZNF226,7769,2
LRP8,7804,2
SLC14A2,8170,2
USP9Y,8287,2
HIST3H3,8290,2
FZD9,8326,2
HIST1H2AL,8332,2
HIST1H3I,8354,2
HIST1H4D,8360,2
HIST1H4F,8361,2
HIST1H4L,8368,2
UTF1,8433,2
FKBP6,8468,2
PPFIA2,8499,2
CHRD,8646,2
PABPC4,8761,2
TNFRSF6B,8771,2
AKAP4,8852,2
WASF1,8936,2
ARHGEF1,9138,2
CPNE6,9362,2
OTOF,9381,2
ITM2A,9452,2
CARTPT,9607,2
TCL1B,9623,2
CLCA2,9635,2
FEZ1,9638,2
PPIP5K1,9677,2
MFAP3L,9848,2
USH1C,10083,2
CHST4,10164,2
LRRC17,10234,2
APC2,10297,2
CLEC4M,10332,2
CARM1,10498,2
SCGN,10590,2
ERN2,10595,2
LEFTY1,10637,2
SCGB1D2,10647,2
GIPC1,10755,2
ZNF234,10780,2
C7orf16,10842,2
PDE10A,10846,2
PPP1R13L,10848,2
EDDM3A,10876,2
PROKR1,10887,2
WIF1,11197,2
RASSF8,11228,2
HRH3,11255,2
GOLGA8A,23015,2
SRGAP2,23380,2
CRB1,23418,2
EML2,24139,2
PRKD2,25865,2
C20orf26,26074,2
ABCA12,26154,2
OR5E1P,26343,2
HAVCR1,26762,2
SNORA71A,26777,2
SNORA70,26778,2
SNORA68,26780,2
SNORA67,26781,2
SNORA65,26783,2
CLUL1,27098,2
ITGB1BP3,27231,2
PCDH17,27253,2
BMP10,27302,2
CCDC56,28958,2
SCG3,29106,2
PRICKLE4,29964,2
A1CF,29974,2
SLC39A2,29986,2
PILRB,29990,2
IL20,50604,2
PI15,51050,2
MYO15A,51168,2
LUZP4,51213,2
CSAD,51380,2
VCX3A,51481,2
TPPP3,51673,2
MYOZ2,51778,2
L1TD1,54596,2
LRRN3,54674,2
CDHR2,54825,2
PPP1R14D,54866,2
FEZF2,55079,2
ARMC1,55156,2
C14orf105,55195,2
DPPA4,55211,2
ECHDC2,55268,2
MSX2P1,55545,2
PLXNA3,55558,2
OSGEP,55644,2
ZNF83,55769,2
C19orf61,56006,2
LMOD3,56203,2
DNAJC12,56521,2
MUC13,56667,2
C11orf16,56673,2
TCEAL7,56849,2
PLEKHA4,57664,2
PROL1,58503,2
DMRT3,58524,2
CACNG6,59285,2
HAPLN2,60484,2
CCDC81,60494,2
PAPPA2,60676,2
ANO3,63982,2
TNMD,64102,2
RRAGC,64121,2
LHX5,64211,2
WNK4,65266,2
LYNX1,66004,2
PRRG3,79057,2
IRX1,79192,2
EPS8L3,79574,2
EFCAB1,79645,2
FAM164C,79696,2
LRRC31,79782,2
HHIPL2,79802,2
TREML2,79865,2
MAGIX,79917,2
TUBA4B,80086,2
TRIM46,80128,2
ULBP1,80329,2
PABPC1L,80336,2
SEL1L2,80343,2
KCNH6,81033,2
COL21A1,81578,2
KRTAP1-1,81851,2
JAM3,83700,2
REG4,83998,2
FBXW9,84261,2
DGAT2,84649,2
RNASE7,84659,2
MYPN,84665,2
C9orf24,84688,2
NFKBID,84807,2
PPAPDC3,84814,2
C1orf94,84970,2
SLC22A16,85413,2
SCIN,85477,2
RPPH1,85495,2
RSPH1,89765,2
FCHSD1,89848,2
LHX4,89884,2
SYT8,90019,2
CEACAM21,90273,2
LRRC46,90506,2
TMEM55B,90809,2
FOXP2,93986,2
OPN4,94233,2
UCN3,114131,2
SNORD15B,114599,2
LMTK3,114783,2
LENG8,114823,2
PNMA5,114824,2
ARHGAP33,115703,2
CCDC151,115948,2
C8orf34,116328,2
DACH2,117154,2
CATSPER2,117155,2
MRGPRX3,117195,2
C10orf71,118461,2
AGAP11,119385,2
CLRN3,119467,2
LRRC50,123872,2
KIF19,124602,2
CYP4F22,126410,2
WDR63,126820,2
C1orf173,127254,2
WDR64,128025,2
IQGAP3,128239,2
C1orf88,128344,2
TRIM43,129868,2
SNTN,132203,2
SPATA18,132671,2
C5orf58,133874,2
ZNF474,133923,2
CLVS2,134829,2
RALYL,138046,2
MAGEC3,139081,2
BEND2,139105,2
PASD1,139135,2
MUC17,140453,2
C20orf56,140828,2
ITLN2,142683,2
C13orf30,144809,2
C2CD4A,145741,2
TMED6,146456,2
C16orf71,146562,2
KRT25,147183,2
CAPN12,147968,2
LOC148709,148709,2
DCDC2B,149069,2
CCDC17,149483,2
C21orf121,150142,2
TEKT4,150483,2
AMZ1,155185,2
ARHGAP36,158763,2
RHOXF1,158800,2
FAM122B,159090,2
MARCH10,162333,2
ZNF709,163051,2
FAM179A,165186,2
C9orf71,169693,2
CXorf22,170063,2
HTR3C,170572,2
ADAMTS16,170690,2
FAM9B,171483,2
VWA3B,200403,2
CCDC11,220136,2
PI16,221476,2
CDHR3,222256,2
SLC17A8,246213,2
MORN5,254956,2
SYT14,255928,2
TMEM146,257062,2
ANKS4B,257629,2
KCNRG,283518,2
ZDHHC22,283576,2
CCDC79,283847,2
SIGLEC15,284266,2
NWD1,284434,2
LOC285401,285401,2
C7orf53,286006,2
SCARA5,286133,2
CXorf59,286464,2
TMSB15B,286527,2
VSX2,338917,2
CLEC4G,339390,2
C22orf33,339669,2
LOC340357,340357,2
COX8C,341947,2
KRT27,342574,2
ZNF284,342909,2
ZSCAN5B,342933,2
BARHL2,343472,2
ECT2L,345930,2
HCN1,348980,2
LOC349114,349114,2
ZACN,353174,2
TMPRSS9,360200,2
CDRT1,374286,2
B3GNT8,374907,2
LHFPL3,375612,2
C15orf52,388115,2
LDLRAD1,388633,2
C2orf78,388960,2
SFTA2,389376,2
GLYATL3,389396,2
IYD,389434,2
OR7A10,390892,2
GRID2IP,392862,2
FOXI2,399823,2
DTHD1,401124,2
C4orf40,401137,2
PRRT4,401399,2
SPINK6,404203,2
SCGB1D4,404552,2
GOLGA8B,440270,2
H2AFB1,474382,2
SNORA6,574040,2
SNORA10,574042,2
SNORA3,619562,2
PGA4,643847,2
SNORA48,652965,2
SNORD10,652966,2
C2orf84,653140,2
PHLDB3,653583,2
SNORA5A,654319,2
SCARNA3,677679,2
SCARNA6,677772,2
SCARNA1,677774,2
SCARNA16,677781,2
SNORA7B,677797,2
SNORA14A,677801,2
SNORA14B,677802,2
SNORA20,677806,2
SNORA23,677808,2
SNORA24,677809,2
SNORA34,677815,2
SNORA37,677819,2
SNORA42,677823,2
SNORA49,677829,2
SNORA53,677832,2
SNORA54,677833,2
SNORA55,677834,2
SNORA74B,677841,2
SNORA79,677845,2
SNORA16A,692073,2
SNORD17,692086,2
SCARNA10,692148,2
SNORA57,692158,2
SNORD97,692223,2
SNORD94,692225,2
RSPH10B2,728194,2
C12orf71,728858,2
LOC729234,729234,2
SFTPA2,729238,2
CCDC61,729440,2
SNORA84,100124534,2
LOC100128164,100128164,2
LOC100130274,100130274,2
C19orf69,100170765,2
ABAT,18,3
ACTN4,81,3
ACTN3,89,3
ACVR2B,93,3
ADH1B,125,3
PARP1,142,3
ADRA2A,150,3
ADRA2B,151,3
AGXT,189,3
NR0B1,190,3
ALX3,257,3
AMY1A,276,3
ANK1,286,3
ARHGDIB,397,3
ASTN1,460,3
ATP2B3,492,3
BAI2,576,3
BARD1,580,3
CXCR5,643,3
BMPR1A,657,3
BUB1,699,3
C11orf9,745,3
MPPED1,758,3
CA5A,763,3
CACNA1C,775,3
CACNA1D,776,3
CACNA2D1,781,3
CALCR,799,3
CAMK2A,815,3
CAPN6,827,3
CASP1,834,3
CBLN1,869,3
CCIN,881,3
CCNB1,891,3
CCNF,899,3
CD3E,916,3
CD247,919,3
CD7,924,3
MS4A1,931,3
TNFSF8,944,3
CD37,951,3
CD74,972,3
CDC25A,993,3
CDH4,1002,3
CDH17,1015,3
CDK2,1017,3
CDKN3,1033,3
CDX2,1045,3
CEACAM5,1048,3
CENPA,1058,3
CENPF,1063,3
CGA,1081,3
CKM,1158,3
CLCNKA,1187,3
PLK3,1263,3
COL2A1,1280,3
COL4A6,1288,3
CPA2,1358,3
CPN1,1369,3
CRK,1398,3
CRKL,1399,3
CRYBA4,1413,3
CRYBB1,1414,3
CRYM,1428,3
CST1,1469,3
NKX2-5,1482,3
CTNS,1497,3
CTRB1,1504,3
CTSW,1521,3
CYP4B1,1580,3
CYP17A1,1586,3
DAB1,1600,3
DGKG,1608,3
DDC,1644,3
AKR1C1,1645,3
DEFA5,1670,3
CFD,1675,3
DLX1,1745,3
DLX2,1746,3
DMD,1756,3
SARDH,1757,3
DYNC1I1,1780,3
DNMT3A,1788,3
DTX1,1840,3
DUSP9,1852,3
ECH1,1891,3
S1PR3,1903,3
EDN3,1908,3
EFNB3,1949,3
ELF5,2001,3
EMX1,2016,3
EN2,2020,3
EPHA1,2041,3
EPHA3,2042,3
EPHA5,2044,3
F7,2155,3
FAAH,2166,3
FABP4,2167,3
FGD1,2245,3
FGG,2266,3
FIGF,2277,3
FOXF1,2294,3
FOXF2,2295,3
FOXC2,2303,3
FOXM1,2305,3
FLNC,2318,3
FMO2,2327,3
FMO3,2328,3
NR5A1,2516,3
DARC,2532,3
FYN,2534,3
GABRB2,2561,3
GABRP,2568,3
GABRR1,2569,3
B4GALNT1,2583,3
GAP43,2596,3
GAS2,2620,3
GAS6,2621,3
GATA3,2625,3
GBP2,2634,3
GBX2,2637,3
GCGR,2642,3
GDNF,2668,3
GFAP,2670,3
GFRA1,2674,3
GFRA3,2676,3
GHRH,2691,3
GJA4,2701,3
GPC3,2719,3
GLI1,2735,3
GLI3,2737,3
GPR17,2840,3
GPR26,2849,3
GPT,2875,3
GRIK4,2900,3
GRIN2B,2904,3
GRM4,2914,3
CXCL1,2919,3
GRPR,2925,3
GSTA1,2938,3
GSTA2,2939,3
GUCA2A,2980,3
SERPIND1,3053,3
HLA-B,3106,3
HLA-DMA,3108,3
MNX1,3110,3
HLA-DOB,3112,3
HLA-DPA1,3113,3
HLA-DPB1,3115,3
HLA-DQB2,3120,3
HLA-DRA,3122,3
HLA-DRB1,3123,3
HMX2,3167,3
ONECUT1,3175,3
HOXA1,3198,3
HOXA10,3206,3
HOXA11,3207,3
HOXC13,3229,3
HOXD10,3236,3
HOXD11,3237,3
HOXD12,3238,3
HOXD13,3239,3
HPD,3242,3
HPGD,3248,3
ERAS,3266,3
HRC,3270,3
HTR1D,3352,3
HTR1E,3354,3
HTR2B,3357,3
HTR6,3362,3
ID3,3399,3
IDE,3416,3
IDO1,3620,3
INSL3,3640,3
INSRR,3645,3
ITGB6,3694,3
KCNA6,3742,3
KCNF1,3754,3
KCNH1,3756,3
KCNJ8,3764,3
KCNN1,3780,3
KLK2,3817,3
KLRB1,3820,3
KLRC3,3823,3
KNG1,3827,3
KIF11,3832,3
KRT3,3850,3
KRT5,3852,3
KRT7,3855,3
LAMA3,3909,3
LAMB1,3912,3
LBR,3930,3
LGALS4,3960,3
LMNB1,4001,3
LMX1B,4010,3
LRP4,4038,3
LRP6,4040,3
LSAMP,4045,3
LTA,4049,3
LTC4S,4056,3
LUM,4060,3
MAB21L1,4081,3
SMAD9,4093,3
MAGEA1,4100,3
MAGEA8,4107,3
MAGEB1,4112,3
MAP1A,4130,3
MARS,4141,3
MBP,4155,3
MC5R,4161,3
MEP1B,4225,3
MEST,4232,3
KITLG,4254,3
CIITA,4261,3
MME,4311,3
MMP17,4326,3
MOG,4340,3
MPP2,4355,3
MSX2,4488,3
MUC4,4585,3
MUC7,4589,3
MYBL2,4605,3
MYCN,4613,3
GADD45B,4616,3
MYO7B,4648,3
NAB2,4665,3
NEK2,4751,3
NID1,4811,3
NKX2-2,4821,3
NNAT,4826,3
NME3,4832,3
NNMT,4837,3
NOS2,4843,3
NPTX1,4884,3
NRAP,4892,3
NTRK1,4914,3
NTRK2,4915,3
NTN3,4917,3
ROR2,4920,3
DDR2,4921,3
NTSR1,4923,3
OCM2,4951,3
OMD,4958,3
OPCML,4978,3
SIX6,4990,3
OTX2,5015,3
P2RX5,5026,3
PAFAH1B1,5048,3
PAX3,5077,3
PAX4,5078,3
PCDH8,5100,3
PCOLCE,5118,3
PCSK5,5125,3
PDE1C,5137,3
PDE3A,5139,3
PDE6A,5145,3
PFKFB4,5210,3
SERPINA1,5265,3
PIK3C2G,5288,3
PLAGL1,5325,3
PLAT,5327,3
PLCB4,5332,3
PLP1,5354,3
PRRX1,5396,3
Sep.05,5413,3
POLR2A,5430,3
POU3F2,5454,3
POU3F4,5456,3
POU4F1,5457,3
PRB1,5542,3
PRB4,5545,3
PRG2,5553,3
PKIA,5569,3
MAPK4,5596,3
PROX1,5629,3
MASP1,5648,3
PSMB10,5699,3
PSMC4,5704,3
PSMD1,5707,3
PTH,5741,3
PTH1R,5745,3
PTPRD,5789,3
RAB3B,5865,3
RBBP5,5929,3
RBP4,5950,3
PRPH2,5961,3
RECQL,5965,3
RET,5979,3
RGR,5995,3
RNF2,6045,3
ROBO1,6091,3
ROBO2,6092,3
RPA1,6117,3
RPL3L,6123,3
RRAD,6236,3
RS1,6247,3
S100A2,6273,3
S100A5,6276,3
S100A6,6277,3
SALL2,6297,3
SALL1,6299,3
SCN1A,6323,3
SCN4A,6329,3
SCN4B,6330,3
SCN5A,6331,3
SCN10A,6336,3
SCT,6343,3
CCL17,6361,3
CCL18,6362,3
SELP,6403,3
SFRP1,6422,3
SCG5,6447,3
SHOX2,6474,3
SILV,6490,3
SLC3A1,6519,3
SLC6A7,6534,3
SLC6A13,6540,3
SLC8A3,6547,3
SLC9A3,6550,3
SLC10A1,6554,3
SLC10A2,6555,3
SLC11A1,6556,3
SLC16A1,6566,3
SLC18A1,6570,3
SLIT1,6585,3
SMARCA1,6594,3
SMARCD1,6602,3
FSCN1,6624,3
SOX2,6657,3
SPOCK1,6695,3
SPTBN1,6711,3
TROVE2,6738,3
SSTR1,6751,3
SSTR3,6753,3
SSTR5,6755,3
HSPA13,6782,3
SULT1E1,6783,3
SUPT5H,6829,3
XCL2,6846,3
SYT1,6857,3
TAF5,6877,3
TBX1,6899,3
SERPINA7,6906,3
TBX3,6926,3
HNF1A,6927,3
TCF7,6932,3
TDGF1,6997,3
TDGF3,6998,3
TDO2,6999,3
TECTA,7007,3
TERF1,7013,3
TFF1,7031,3
TFR2,7036,3
LEFTY2,7044,3
TH,7054,3
THBS4,7060,3
TLL2,7093,3
TMPO,7112,3
TNFAIP2,7127,3
TNR,7143,3
TOP2A,7153,3
TP53BP1,7158,3
TRO,7216,3
TWIST1,7291,3
UBE2G1,7326,3
KDM6A,7403,3
VGF,7425,3
VTN,7448,3
WNT1,7471,3
WNT8B,7479,3
WNT9B,7484,3
XPNPEP2,7512,3
XRCC1,7515,3
YWHAE,7531,3
ZNF45,7596,3
ZNF75D,7626,3
ZNF221,7638,3
ZNF227,7770,3
ZNF230,7773,3
SLC30A3,7781,3
ZP2,7783,3
NPHS2,7827,3
FZD5,7855,3
PSCA,8000,3
SHOC2,8036,3
USP5,8078,3
ST8SIA2,8128,3
SNN,8303,3
PIP5K1B,8395,3
NR0B2,8431,3
DOC2B,8447,3
ITGA8,8516,3
DGKD,8527,3
UNC5C,8633,3
EIF4EBP3,8637,3
DCHS1,8642,3
S1PR4,8698,3
B4GALT4,8702,3
TNFRSF25,8718,3
TNFSF10,8743,3
ADAM23,8745,3
TNFRSF14,8764,3
TNFRSF6B,8771,3
MATN4,8785,3
TRIM24,8805,3
IL18RAP,8807,3
FGF17,8822,3
ALDH1A2,8854,3
CACNA1I,8911,3
CACNA1H,8912,3
CACNA1G,8913,3
TIMELESS,8914,3
SLC7A7,9056,3
ANGPTL1,9068,3
CLDN2,9075,3
RQCD1,9125,3
CCNB2,9133,3
NEURL,9148,3
SLC6A5,9152,3
EXO1,9156,3
LGI1,9211,3
CACNA2D2,9254,3
ZNF235,9310,3
C5orf13,9315,3
LHX2,9355,3
SLC22A8,9376,3
NRXN2,9379,3
CHST3,9469,3
CABP1,9478,3
TBX4,9496,3
FXR2,9513,3
GMFG,9535,3
IGDCC3,9543,3
MINPP1,9562,3
KIF20B,9585,3
DZIP3,9666,3
WSCD2,9671,3
ESPL1,9700,3
FAM131B,9715,3
SEC14L5,9717,3
NOS1AP,9722,3
ZNF536,9745,3
RNF144A,9781,3
DLGAP5,9787,3
MTSS1,9788,3
IP6K1,9807,3
KIAA0753,9851,3
ZBTB39,9880,3
RHOBTB1,9886,3
SV2A,9900,3
ARNT2,9915,3
NCAPD2,9918,3
KIF14,9928,3
RBM8A,9939,3
HS3ST3B1,9953,3
MVP,9961,3
FGF19,9965,3
SLC17A4,10050,3
SMC4,10051,3
UBA2,10054,3
UST,10090,3
KIF20A,10112,3
CELA3A,10136,3
MPZL2,10205,3
OLIG2,10215,3
PRG4,10216,3
IGSF6,10261,3
PAK4,10298,3
LAMC3,10319,3
AKR1A1,10327,3
CLEC4M,10332,3
TUBA1B,10376,3
TUBB4,10382,3
SCML2,10389,3
SEC23A,10484,3
UBD,10537,3
RPP30,10556,3
OLFM4,10562,3
IFITM2,10581,3
PRPF8,10594,3
RASL10A,10633,3
RAD51AP1,10635,3
EXOC5,10640,3
IGF2BP1,10642,3
DMRT2,10655,3
CCT8,10694,3
PLAC1,10761,3
NES,10763,3
HBS1L,10767,3
ZNF234,10780,3
CYSLTR1,10800,3
PDE10A,10846,3
SMR3B,10879,3
MLLT11,10962,3
UPK1A,11045,3
LECT1,11061,3
IL1RAPL1,11141,3
WDHD1,11169,3
STRAP,11171,3
ADAMTS7,11173,3
SLC6A14,11254,3
MGLL,11343,3
CNKSR2,22866,3
DHX30,22907,3
KLRK1,22914,3
TPX2,22974,3
EFR3B,22979,3
CAND2,23066,3
ZNF423,23090,3
FSTL4,23105,3
RAP1GAP2,23108,3
HIC2,23119,3
NACAD,23148,3
Sep.06,23157,3
ARL6IP1,23204,3
KIAA1024,23251,3
DNMBP,23268,3
SMG6,23293,3
WSCD1,23302,3
CUX2,23316,3
DPY19L1,23333,3
KIAA0895,23366,3
SRGAP2,23380,3
NCAPH,23397,3
GRIP1,23426,3
HEY1,23462,3
CBX5,23468,3
ZNF281,23528,3
HYAL4,23553,3
NTSR2,23620,3
KCNE1L,23630,3
TMEFF2,23671,3
CADM1,23705,3
AIPL1,23746,3
FLRT2,23768,3
FLRT1,23769,3
KIF4A,24137,3
C22orf31,25770,3
TMEM59L,25789,3
BAMBI,25805,3
TPSG1,25823,3
ABTB2,25841,3
INTS7,25896,3
NSL1,25936,3
WWTR1,25937,3
SNED1,25992,3
MOXD1,26002,3
GLCE,26035,3
CHD5,26038,3
UBXN7,26043,3
RNF160,26046,3
FAM169A,26049,3
PYGO1,26108,3
C10orf12,26148,3
KIF26A,26153,3
SLC13A4,26266,3
FBXO5,26271,3
CNNM1,26507,3
CKAP2,26586,3
OR7C1,26664,3
RPS6KC1,26750,3
SNORA74A,26821,3
CACNG5,27091,3
MORC1,27136,3
SIGLEC8,27181,3
DISC1,27185,3
CNTN6,27255,3
TINAG,27283,3
SLCO1B3,28234,3
TAGLN3,29114,3
RACGAP1,29127,3
SENP1,29843,3
NPC1L1,29881,3
NXPH1,30010,3
SH3KBP1,30011,3
SOX8,30812,3
KCNIP1,30820,3
ZNF354C,30832,3
CTAG2,30848,3
DUOX2,50506,3
GALNT9,50614,3
CALY,50632,3
IRX4,50805,3
SPOCK3,50859,3
SOST,50964,3
PPPDE1,51029,3
DERA,51071,3
MLXIPL,51085,3
PLLP,51090,3
GP6,51206,3
RAB9B,51209,3
ARMCX1,51309,3
SLC22A17,51310,3
ANGPT4,51378,3
HPCAL4,51440,3
ANKFY1,51479,3
VCX3A,51481,3
CTDSPL2,51496,3
DTL,51514,3
TAF9B,51616,3
HMP19,51617,3
GHRL,51738,3
GNG13,51764,3
MYOZ2,51778,3
TM6SF2,53345,3
PANK1,53354,3
S1PR5,53637,3
P2RY13,53829,3
FTHL17,53940,3
C21orf29,54084,3
C21orf15,54094,3
UNC93A,54346,3
CYTL1,54360,3
SEMA5B,54437,3
TAF7L,54457,3
PLEKHA5,54477,3
FAM64A,54478,3
PCDH18,54510,3
NECAB2,54550,3
MAGEL2,54551,3
CCNJ,54619,3
PAF1,54623,3
MARCH5,54708,3
IL17RD,54756,3
GIPC2,54810,3
PAQR5,54852,3
ELOVL2,54898,3
SARS2,54938,3
ODAM,54959,3
TESC,54997,3
KIF26B,55083,3
CXorf57,55086,3
SAMD4B,55095,3
GPATCH2,55105,3
WRAP53,55135,3
CEP55,55165,3
KLHL11,55175,3
NUDT11,55190,3
KIRREL,55243,3
VPS53,55275,3
CWF19L1,55280,3
C14orf106,55320,3
FBXL8,55336,3
HJURP,55355,3
PI4K2A,55361,3
C17orf85,55421,3
TNFRSF19,55504,3
MED29,55588,3
ITLN1,55600,3
HIF1AN,55662,3
IPO9,55705,3
FAR2,55711,3
TSR1,55720,3
C1orf112,55732,3
HHAT,55733,3
ENAH,55740,3
NUP133,55746,3
ZNF83,55769,3
ADCY10,55811,3
ARHGAP15,55843,3
BEX1,55859,3
SLC22A11,55867,3
ZNF302,55900,3
C19orf61,56006,3
BARX1,56033,3
PCDHGC4,56098,3
PCDHGB2,56103,3
PCDHGB1,56104,3
PCDHB6,56130,3
GSDMC,56169,3
C21orf62,56245,3
SERTAD4,56256,3
CPXM1,56265,3
CYP26B1,56603,3
KCNK12,56660,3
DPYSL5,56896,3
CA10,56934,3
PRDM9,56979,3
BBX,56987,3
KIF15,56992,3
ADAMTS9,56999,3
SLC17A6,57084,3
ENTPD7,57089,3
C12orf5,57103,3
SLURP1,57152,3
SLC4A10,57282,3
CBX8,57332,3
GJD2,57369,3
ABHD6,57406,3
AS3MT,57412,3
GALNTL1,57452,3
PPM1H,57460,3
KIAA1210,57481,3
LRFN2,57497,3
KCTD16,57528,3
SEMA6A,57556,3
BAHCC1,57597,3
LRFN1,57622,3
MYH7B,57644,3
KIAA1524,57650,3
KIAA1549,57670,3
GPAM,57678,3
ZDBF2,57683,3
VAT1L,57687,3
USP37,57695,3
SEMA4G,57715,3
NGB,58157,3
PROL1,58503,3
DLGAP3,58512,3
LY6G6D,58530,3
C21orf63,59271,3
TRPV4,59341,3
ALX4,60529,3
PAPPA2,60676,3
SLC22A23,63027,3
BCORL1,63035,3
DMRTB1,63948,3
CLSPN,63967,3
PRDM16,63976,3
MYO1G,64005,3
SMOC1,64093,3
XYLT1,64131,3
DPEP2,64174,3
LHX5,64211,3
CHST8,64377,3
GMCL1L,64396,3
CDH24,64403,3
C14orf135,64430,3
NUCKS1,64710,3
CCDC136,64753,3
ISL2,64843,3
VWA1,64856,3
PLEKHG2,64857,3
OBFC2A,64859,3
CDK15,65061,3
ALS2CR4,65062,3
SPATS2,65244,3
WNK4,65266,3
CYP4F12,66002,3
LYNX1,66004,3
TRPM8,79054,3
METT10D,79066,3
LILRP2,79166,3
IRX6,79190,3
CEP97,79598,3
C6orf211,79624,3
ZMAT4,79698,3
ZFHX4,79776,3
RERGL,79785,3
HHIPL2,79802,3
CATSPERB,79820,3
ARHGAP28,79822,3
PDZD3,79849,3
FAM57A,79850,3
PLBD1,79887,3
TNIP3,79931,3
FRMD1,79981,3
TRPM3,80036,3
C6orf208,80069,3
FRAS1,80144,3
ARMC9,80210,3
SCUBE1,80274,3
TET1,80312,3
SP6,80320,3
ULBP1,80329,3
BHLHB9,80823,3
APOL3,80833,3
TM7SF4,81501,3
CSRNP2,81566,3
OR5V1,81696,3
OR12D3,81797,3
CDCA3,83461,3
RTBDN,83546,3
TEX101,83639,3
SESN2,83667,3
C12orf32,83695,3
FAM57B,83723,3
INHBE,83729,3
KCNK16,83795,3
HMCN1,83872,3
FGFBP2,83888,3
GSG2,83903,3
KREMEN1,83999,3
KIRREL2,84063,3
HORMAD1,84072,3
PCGF6,84108,3
QRFPR,84109,3
SLA2,84174,3
SGK196,84197,3
MEX3B,84206,3
LDOC1L,84247,3
PHF6,84295,3
JPH4,84502,3
PARD6G,84552,3
AFAP1L2,84632,3
IL1F10,84639,3
PSRC1,84722,3
CBX2,84733,3
USP30,84749,3
RAX2,84839,3
PTPN5,84867,3
ATOH8,84913,3
CGNL1,84952,3
TOX2,84969,3
C3orf34,84984,3
PAQR8,85315,3
SYDE1,85360,3
NAV1,89796,3
FAM125B,89853,3
SLC25A21,89874,3
VWA5B2,90113,3
TSPAN18,90139,3
EMILIN3,90187,3
KLHL13,90293,3
EXOC3L2,90332,3
FAM110B,90362,3
SHF,90525,3
DUOXA1,90527,3
SEC11C,90701,3
KIFC2,90990,3
IGFN1,91156,3
NUP210L,91181,3
PKDCC,91461,3
ISX,91464,3
PLXNA4,91584,3
TDRD12,91646,3
ACY3,91703,3
LIN52,91750,3
FAM55C,91775,3
MYOZ3,91977,3
TIMM50,92609,3
SHKBP1,92799,3
MYL10,93408,3
ACRC,93953,3
TTYH2,94015,3
LRRC4B,94030,3
TGS1,96764,3
GLCCI1,113263,3
TRIM9,114088,3
SNORD15B,114599,3
PNMA5,114824,3
SMYD4,114826,3
GPRASP2,114928,3
FBXO17,115290,3
GBP5,115362,3
CMTM5,116173,3
CLNK,116449,3
APOA5,116519,3
MED12L,116931,3
SLC16A10,117247,3
GALNTL2,117248,3
PRAP1,118471,3
MORN4,118812,3
ANKRD22,118932,3
AEBP2,121536,3
ANO4,121601,3
TRAPPC6B,122553,3
SOCS4,122809,3
TMEM219,124446,3
MSI2,124540,3
USH1G,124590,3
CPT1C,126129,3
TMIGD2,126259,3
IRGQ,126298,3
ZNF428,126299,3
CYP4F22,126410,3
FBXO27,126433,3
SHE,126669,3
C1orf96,126731,3
IFFO2,126917,3
LIX1L,128077,3
EDARADD,128178,3
C1orf162,128346,3
XIRP2,129446,3
ACMSD,130013,3
FAM3D,131177,3
ZPLD1,131368,3
AFAP1L1,134265,3
LYPD2,137797,3
NKX2-6,137814,3
TMEM71,137835,3
SGCZ,137868,3
UBXN2B,137886,3
AGPAT6,137964,3
FAM123B,139285,3
DOCK11,139818,3
DEFB104A,140596,3
SAMD10,140700,3
TMEM37,140738,3
ZNF280B,140883,3
ITLN2,142683,3
C10orf82,143379,3
SYT9,143425,3
FAM101A,144347,3
GLT1D1,144423,3
ABHD12B,145447,3
ISM2,145501,3
LRFN5,145581,3
C15orf43,145645,3
LOC146336,146336,3
GSG1L,146395,3
PRSS36,146547,3
HRNBP3,146713,3
TMC8,147138,3
SCGB1C1,147199,3
CCBE1,147372,3
CBLN2,147381,3
FAM163A,148753,3
PM20D1,148811,3
C1orf150,148823,3
CLDN19,149461,3
PYHIN1,149628,3
CKAP2L,150468,3
CCDC140,151278,3
GDF7,151449,3
SHISA3,152573,3
LOC157627,157627,3
NKX6-3,157848,3
KCNU1,157855,3
RHOXF1,158800,3
TMEM20,159371,3
CLEC12A,160364,3
DENND5B,160518,3
FSIP1,161835,3
ADAD2,161931,3
OR7D2,162998,3
LPPR5,163404,3
FLJ40434,163742,3
SPRR4,163778,3
KANK4,163782,3
FAM43B,163933,3
UBL4B,164153,3
APCDD1L,164284,3
LRRN4,164312,3
MGC42105,167359,3
CNBD1,168975,3
ZCCHC12,170261,3
NUDT10,170685,3
GSX2,170825,3
WBSCR26,171022,3
B3GNT6,192134,3
NCRNA00189,193629,3
C15orf51,196968,3
NLRC3,197358,3
NLRP7,199713,3
CADM4,199731,3
KRTCAP3,200634,3
LOC201651,201651,3
GJD4,219770,3
GLYATL2,219970,3
HOXA11AS,221883,3
MMD2,221938,3
SRRM3,222183,3
SCUBE3,222663,3
SLC29A4,222962,3
DEFB105A,245908,3
DEFB106A,245909,3
ZNF620,253639,3
FAM26E,254228,3
SLC41A1,254428,3
COL29A1,256076,3
NAPSB,256236,3
PTF1A,256297,3
ST6GALNAC3,256435,3
TCERG1L,256536,3
SERINC5,256987,3
ZNF683,257101,3
ALS2CL,259173,3
ASPM,259266,3
NEAT1,283131,3
GPR133,283383,3
CLEC9A,283420,3
GAS2L3,283431,3
MYO1H,283446,3
C14orf70,283601,3
TMEM84,283673,3
PLA2G4D,283748,3
LOC284023,284023,3
C17orf55,284185,3
CXCL17,284340,3
SCGBL,284402,3
OR14A16,284532,3
CCDC141,285025,3
HTR3E,285242,3
ZNF660,285349,3
C3orf70,285382,3
RNF175,285533,3
KIF4B,285643,3
C5orf60,285679,3
NKAIN3,286183,3
C9orf109,286333,3
TRIM42,287015,3
PRSS53,339105,3
FAM5C,339479,3
ARSI,340075,3
TREML1,340205,3
TREML3,340206,3
AGBL3,340351,3
NRBP2,340371,3
TCEAL5,340543,3
LHFPL1,340596,3
HMX3,340784,3
C11orf53,341032,3
FREM2,341640,3
SLC35F4,341880,3
SMTNL2,342527,3
NCCRP1,342897,3
SYCN,342898,3
RD3,343035,3
FCRL6,343413,3
RSPO4,343637,3
SH3RF3,344558,3
GPR149,344758,3
ATP13A5,344905,3
GNAT3,346562,3
MOGAT3,346606,3
TBX10,347853,3
FAM70B,348013,3
RBPMS2,348093,3
NIPAL4,348938,3
WDR86,349136,3
LCE1E,353135,3
ZNF445,353274,3
FAM101B,359845,3
TMPRSS9,360200,3
GSTK1,373156,3
KIF7,374654,3
C1orf187,374946,3
PEAR1,375033,3
C7orf52,375607,3
KRTAP10-1,386677,3
KRTAP10-3,386682,3
SLC16A12,387700,3
RTL1,388015,3
SHISA6,388336,3
RNF207,388591,3
C2orf71,388939,3
SP5,389058,3
C2orf80,389073,3
C3orf54,389119,3
IQCF2,389123,3
PLSCR5,389158,3
LOC389332,389332,3
MAFA,389692,3
tAKR,389932,3
PAPL,390928,3
PRAMEF18,391003,3
ELFN1,392617,3
FLJ45983,399717,3
UPF0639,400224,3
SH2D5,400745,3
C1orf226,400793,3
DEFB132,400830,3
LOC400940,400940,3
C6orf122,401288,3
PRRT4,401399,3
TMEM215,401498,3
HAPLN4,404037,3
DUOXA2,405753,3
UNC13C,440279,3
LOC440461,440461,3
FLJ42875,440556,3
TRIM67,440730,3
MAP1LC3C,440738,3
TMEM150C,441027,3
C8orf85,441376,3
PGAM4,441531,3
TSPAN11,441631,3
C6orf138,442213,3
EID3,493861,3
SPRN,503542,3
POLR2J3,548644,3
SCARNA9,619383,3
FAM138F,641702,3
FAM196A,642938,3
FAM163B,642968,3
LOC643719,643719,3
ARRDC5,645432,3
C14orf34,645687,3
TMEM14E,645843,3
PRB2,653247,3
AQP12B,653437,3
PRAMEF22,653606,3
OCM,654231,3
FAM138B,654412,3
SCARNA7,677767,3
SCARNA17,677769,3
FAM22A,728118,3
FAM72D,728833,3
PRR20C,729240,3
FAM72A,729533,3
GOLGA8C,729786,3
ABCC6P2,730013,3
LOC730101,730101,3
TMEM229A,730130,3
HAR1A,768096,3
MIMT1,100073347,3
C9orf110,100128385,3
BSPH1,100131137,3
SP9,100131390,3
LOC100131434,100131434,3
NCRNA00092,100188953,3
LOC100190940,100190940,3
LOC100272228,100272228,3
NAT2,10,4
SERPINA3,12,4
ADCY7,113,4
AMY1A,276,4
ATP1A4,480,4
ATP5E,514,4
ATP5I,521,4
AVPR2,554,4
BLK,640,4
MRPL49,740,4
CALB1,793,4
CHGB,1114,4
CHRNA1,1134,4
CHRNB2,1141,4
LTB4R,1241,4
COX7A2,1347,4
COX8A,1351,4
CPA1,1357,4
CRYGS,1427,4
CSF1,1435,4
CSF3R,1441,4
NCAN,1463,4
CYP1A1,1543,4
DYNC1I1,1780,4
EYA1,2138,4
GABRR2,2570,4
GAS2,2620,4
GCG,2641,4
BLOC1S1,2647,4
GFRA1,2674,4
GPC3,2719,4
GPR31,2853,4
GPR32,2854,4
GTF2A2,2958,4
HGD,3081,4
HOXD11,3237,4
HPR,3250,4
ERAS,3266,4
HSPA7,3311,4
ITGAX,3687,4
JAK2,3717,4
KCNF1,3754,4
LCN1,3933,4
LIF,3976,4
LIPC,3990,4
LRPAP1,4043,4
MAB21L1,4081,4
MYOC,4653,4
NEFM,4741,4
NEUROD2,4761,4
NPPA,4878,4
NPPB,4879,4
NPY1R,4886,4
NTRK2,4915,4
NTRK3,4916,4
OAS3,4940,4
OMP,4975,4
PAX1,5075,4
PAX7,5081,4
PDE1C,5137,4
PENK,5179,4
PEX6,5190,4
ABCB1,5243,4
POLR2G,5436,4
MASP1,5648,4
PYY,5697,4
PTPRN2,5799,4
RBP4,5950,4
SNORA63,6043,4
RYR3,6263,4
SCNN1G,6340,4
SRL,6345,4
SEMG2,6407,4
STAT1,6772,4
TAC1,6863,4
CNTN2,6900,4
TBX15,6913,4
TGM1,7051,4
TCHH,7062,4
TLL1,7092,4
TWIST1,7291,4
UBE2G2,7327,4
UPK2,7379,4
VIL1,7429,4
XPNPEP2,7512,4
ZNF80,7634,4
ZNF195,7748,4
BSND,7809,4
HIST1H3I,8354,4
STK16,8576,4
SSNA1,8636,4
ABCB11,8647,4
TNFSF14,8740,4
SIGLEC5,8778,4
FGF17,8822,4
HAP1,9001,4
IL1RL1,9173,4
MAP3K13,9175,4
LHX2,9355,4
TMPRSS11D,9407,4
HAND1,9421,4
MRPL33,9553,4
KIAA0748,9840,4
URB1,9875,4
INSL5,10022,4
APC2,10297,4
NFAT5,10725,4
SIX2,10736,4
NPFFR2,10886,4
PKIG,11142,4
SLITRK3,22865,4
DKK1,22943,4
UNC13A,23025,4
MYO16,23026,4
MLC1,23209,4
CUX2,23316,4
KCNH4,23415,4
PPP1R15A,23645,4
RASGRP3,25780,4
SAMHD1,25939,4
TIMM8B,26521,4
NFU1,27247,4
CCDC56,28958,4
PHPT1,29085,4
ALG5,29880,4
EMR2,30817,4
SLMO2,51012,4
BOLA1,51027,4
GAL,51083,4
TMEM85,51234,4
THEG,51298,4
C2orf28,51374,4
TRMT112,51504,4
ANAPC11,51529,4
PCF11,51585,4
MYOZ2,51778,4
C3orf75,54859,4
SDHAF2,54949,4
COMMD8,54951,4
FBXL8,55336,4
ZNF331,55422,4
SMPD3,55512,4
TDRD1,56165,4
CRTAM,56253,4
LTB4R2,56413,4
ZC3HAV1,56829,4
SLURP1,57152,4
TRIM54,57159,4
MARCH4,57574,4
PLEKHA4,57664,4
RNF213,57674,4
CATSPERG,57828,4
SLC5A7,60482,4
PAPPA2,60676,4
PRDM15,63977,4
MYO1G,64005,4
C10orf54,64115,4
IFIH1,64135,4
NFKBIZ,64332,4
PARP12,64761,4
OBFC2A,64859,4
MRPL11,65003,4
MRP63,78988,4
GDAP1L1,78997,4
TMEM223,79064,4
C7orf10,79783,4
ATP8B4,79895,4
ZC3H12A,80149,4
KRTAP2-1,81872,4
TRPT1,83707,4
IFI27L2,83982,4
PRAM1,84106,4
TXNDC2,84203,4
DPY30,84661,4
TMEM87B,84910,4
C8orf76,84933,4
C12orf62,84987,4
TMEM141,85014,4
FGD3,89846,4
GADD45GIP1,90480,4
DUOXA1,90527,4
SCGB3A1,92304,4
SLC38A5,92745,4
ZNF276,92822,4
MRFAP1,93621,4
MRAP2,112609,4
KLHDC7B,113730,4
SNORD15B,114599,4
MYSM1,114803,4
PNMA5,114824,4
SLC26A9,115019,4
OLIG1,116448,4
DEFB118,117285,4
SNX20,124460,4
SEZ6,124925,4
OCIAD2,132299,4
PXDNL,137902,4
ROMO1,140823,4
LOC145783,145783,4
SLC23A3,151295,4
SHISA3,152573,4
IRX2,153572,4
GIMAP8,155038,4
RHOXF1,158800,4
TCEAL6,158931,4
TBC1D21,161514,4
GBP6,163351,4
C1orf177,163747,4
PARP15,165631,4
STRA13,201254,4
SAMD9L,219285,4
LOC221442,221442,4
FGD2,221472,4
CALHM1,255022,4
C11orf31,280636,4
TMPRSS12,283471,4
C17orf89,284184,4
ZNF841,284371,4
FAM19A3,284467,4
C1orf111,284680,4
IAH1,285148,4
IGSF10,285313,4
RELL2,285613,4
LOC285740,285740,4
C7orf71,285941,4
ARL16,339231,4
PRSS38,339501,4
KLHL38,340359,4
FREM2,341640,4
LEUTX,342900,4
AADACL4,343066,4
FAM71F2,346653,4
GALNTL4,374378,4
C18orf34,374864,4
APITD1,378708,4
C10orf99,387695,4
TSPYL6,388951,4
C4orf52,389203,4
OR1L6,392390,4
NCRNA00200,399706,4
C4orf48,401115,4
PRRT4,401399,4
MIAT,440823,4
RFPL4B,442247,4
PGA3,643834,4
PGA4,643847,4
LOC645752,645752,4
SERPINE3,647174,4
SCARNA16,677781,4
GHRLOS,100126793,4
FLJ41941,100192420,4
ADCY1,107,5
AQP8,343,5
APOC4,346,5
AQP4,361,5
ART3,419,5
CACNB4,785,5
CCNE1,898,5
CDKN1B,1027,5
CDKN1C,1028,5
CEBPG,1054,5
AKR1C4,1109,5
NCAN,1463,5
DCC,1630,5
DDIT3,1649,5
GGT7,2686,5
GRM8,2918,5
CFHR2,3080,5
IL1A,3552,5
ITPR2,3709,5
KCNB1,3745,5
KRT31,3881,5
KRT34,3885,5
LPL,4023,5
LY6H,4062,5
MAGEA3,4102,5
MTTP,4547,5
FXYD1,5348,5
POU3F1,5453,5
RFPL1,5988,5
SLC1A2,6506,5
SSX2,6757,5
TCN1,6947,5
UQCRFS1,7386,5
WNT2B,7482,5
XRCC3,7517,5
ZNF182,7569,5
UXT,8409,5
LTBP4,8425,5
PPFIBP1,8496,5
B3GALT2,8707,5
SERPINB7,8710,5
C19orf2,8725,5
CPNE1,8904,5
NFS1,9054,5
DGKI,9162,5
MED21,9412,5
CREB5,9586,5
KIAA0355,9710,5
TM9SF4,9777,5
KIAA0528,9847,5
ABCC9,10060,5
PQBP1,10084,5
POP4,10775,5
RASSF8,11228,5
GPR45,11250,5
KLHL2,11275,5
ATF5,22809,5
ZNF507,22847,5
RPH3A,22895,5
MAPRE1,22919,5
STK38L,23012,5
NCOA6,23054,5
CUX2,23316,5
POFUT1,23509,5
PIGN,23556,5
PYY2,23615,5
SLC39A6,25800,5
FGFR1OP2,26127,5
TRPC4AP,26133,5
OR7A17,26333,5
HSPC072,29075,5
CTNNA3,29119,5
GAL,51083,5
DDX47,51202,5
PHF20,51230,5
PLA1A,51365,5
VCX2,51480,5
LSR,51599,5
PIGT,51604,5
ERGIC3,51614,5
TM7SF3,51768,5
FXYD7,53822,5
NDUFB11,54539,5
FAM70A,55026,5
GPATCH1,55094,5
UQCC,55245,5
ETNK1,55500,5
TRIM36,55521,5
KIF21A,55605,5
C12orf11,55726,5
EDEM2,55741,5
CMAS,55907,5
KLHL7,55975,5
TEX14,56155,5
ARNTL2,56938,5
C12orf4,57102,5
KLHDC5,57542,5
PCDH10,57575,5
GRAMD1A,57655,5
MRPS35,60488,5
SPANXC,64663,5
PLEKHF1,79156,5
OR5H2,79310,5
B3GNT4,79369,5
ZMAT4,79698,5
SYNPO2L,79933,5
SPHKAP,80309,5
SEL1L2,80343,5
PDRG1,81572,5
RTP3,83597,5
C19orf12,83636,5
WDR87,83889,5
ANKRD27,84079,5
CCDC123,84902,5
ZNF30,90075,5
TGIF2LX,90316,5
LOC90586,90586,5
PAGE5,90737,5
FOXP2,93986,5
TUBA3E,112714,5
TUBA3D,113457,5
TSGA13,114960,5
HAUS1,115106,5
PNLIPRP3,119548,5
WDR88,126248,5
ZNF792,126375,5
C1orf125,126859,5
BPIL3,128859,5
FAM83C,128876,5
TMEM182,130827,5
SYNPR,132204,5
WBSCR28,135886,5
C7orf31,136895,5
ABRA,137735,5
OR1L8,138881,5
MAGEB16,139604,5
ALG10B,144245,5
DPY19L3,147991,5
ZNF599,148103,5
LOC148189,148189,5
ADIG,149685,5
HFM1,164045,5
DQX1,165545,5
SPANXE,171489,5
C12orf53,196500,5
MGC23270,196872,5
GDPD4,220032,5
DEFB123,245936,5
ZNF396,252884,5
NUDT8,254552,5
LYG2,254773,5
TXNDC8,255220,5
COL24A1,255631,5
GCET2,257144,5
PRSS33,260429,5
C10orf53,282966,5
RPL13P5,283345,5
VSTM1,284415,5
YIPF7,285525,5
PPM1J,333926,5
TMEM202,338949,5
PRAMEF10,343071,5
LOC360030,360030,5
OR11H4,390442,5
OR3A4,390756,5
OR7G2,390882,5
FAM180B,399888,5
SOHLH1,402381,5
VCX3B,425054,5
TARM1,441864,5
H2AFB1,474382,5
ASPDH,554235,5
CT47A10,728036,5
C12orf71,728858,5
OC90,729330,5
HAR1B,768097,5
UBE2DNL,100131816,5
RNU4ATAC,100151683,5
AGER,177,6
AGT,183,6
ALDOC,230,6
ALPI,248,6
AMY1A,276,6
APBB2,323,6
APOA2,336,6
ATF3,467,6
ATM,472,6
BAI1,575,6
BDKRB2,624,6
CACNB1,782,6
CAPN3,825,6
RUNX2,860,6
CETN2,1069,6
CHAD,1101,6
CHGB,1114,6
CHKA,1119,6
CHRND,1144,6
CHRNG,1146,6
CKS1B,1163,6
CKS2,1164,6
CLCN6,1185,6
CLK1,1195,6
COL4A3,1285,6
COL4A4,1286,6
COL7A1,1294,6
COL11A2,1302,6
COL13A1,1305,6
KLF6,1316,6
CST2,1470,6
CST4,1472,6
CTGF,1490,6
CTSL2,1515,6
DGKA,1606,6
DIAPH1,1729,6
DLX5,1749,6
DMP1,1758,6
DPYS,1807,6
ATN1,1822,6
DSPP,1834,6
SLC26A2,1836,6
DUSP1,1843,6
EIF1AX,1964,6
ENDOG,2021,6
EPOR,2057,6
ERBB2,2064,6
EZH1,2145,6
FOXD1,2297,6
GBX2,2637,6
KAT2A,2648,6
GLRA2,2742,6
GNRH1,2796,6
NPBWR2,2832,6
GPR35,2859,6
GRIA4,2893,6
HIST1H1C,3006,6
HIST1H2AE,3012,6
HIST1H2BB,3018,6
HABP2,3026,6
HGFAC,3083,6
HIVEP2,3097,6
ZBTB48,3104,6
HMGB3,3149,6
HOXC4,3221,6
HOXC6,3223,6
HSBP1,3281,6
HTR1F,3355,6
CYR61,3491,6
INPPL1,3636,6
ITGA2B,3674,6
ITGAE,3682,6
ITIH2,3698,6
ITPR1,3708,6
ITPR3,3710,6
JUN,3725,6
KCNJ14,3770,6
KCNN1,3780,6
KIF5B,3799,6
KRTAP5-9,3846,6
KRT7,3855,6
KRT81,3887,6
LASP1,3927,6
LHCGR,3973,6
LIG3,3980,6
LRCH4,4034,6
LY6H,4062,6
MAN2C1,4123,6
MAT2A,4144,6
AFF1,4299,6
MLLT4,4301,6
MLLT6,4302,6
NDP,4693,6
DRG1,4733,6
NFIX,4784,6
NKTR,4820,6
NNAT,4826,6
NPHS1,4868,6
NTRK3,4916,6
NTS,4922,6
NUMA1,4926,6
PRDX1,5052,6
PER1,5187,6
PNMT,5409,6
Sep.05,5413,6
POU5F1,5460,6
POU5F1B,5462,6
PPL,5493,6
PPP4C,5531,6
RELN,5649,6
PYY,5697,6
PSMD3,5709,6
PSMD10,5716,6
PYGM,5837,6
RGL2,5863,6
RAD51L3,5892,6
RANBP1,5902,6
RBMS1,5937,6
REN,5972,6
RFX1,5989,6
RHD,6007,6
RHO,6010,6
RRAD,6236,6
S100A9,6280,6
SCNN1G,6340,6
SEMG1,6406,6
SIM2,6493,6
SIX3,6496,6
SLC6A4,6532,6
SLC8A3,6547,6
SLC12A1,6557,6
SLC25A1,6576,6
SNRNP70,6625,6
SNRPD3,6634,6
SPTB,6710,6
SSR4,6748,6
SUPT6H,6830,6
SVIL,6840,6
T,6862,6
TCEA3,6920,6
TCEB3,6924,6
TEAD1,7003,6
TERC,7012,6
TNFAIP1,7126,6
TPR,7175,6
TSHR,7253,6
TST,7263,6
UBE2A,7319,6
SCGB1A1,7356,6
VGF,7425,6
XDH,7498,6
ZNF32,7580,6
ZBTB16,7704,6
ZNF200,7752,6
MAP3K12,7786,6
PRDM2,7799,6
EVI5,7813,6
MANF,7873,6
MLL2,8085,6
TCL1A,8115,6
PAR5,8123,6
PNPLA4,8228,6
TMEM187,8269,6
ARID1A,8289,6
HIST1H2AB,8335,6
HIST1H2AM,8336,6
HIST2H2AA3,8337,6
HIST1H2BN,8341,6
HIST1H2BO,8348,6
HIST1H3G,8355,6
HIST1H3H,8357,6
HIST1H3B,8358,6
HIST1H4D,8360,6
HIST1H4J,8363,6
HIST1H4H,8365,6
PIP4K2B,8396,6
FOXN1,8456,6
ITGA10,8515,6
TCAP,8557,6
NPFF,8620,6
EIF4G3,8672,6
JMJD7-PLA2G4B,8681,6
NOL4,8715,6
TNFRSF25,8718,6
MTMR3,8897,6
HIST1H3F,8968,6
HIST1H2AG,8969,6
MGAM,8972,6
BTAF1,9044,6
UNC119,9094,6
TBX19,9095,6
ARHGEF1,9138,6
KCNAB3,9196,6
BCL7C,9274,6
SFRS11,9295,6
NRXN1,9378,6
NAPSA,9476,6
SLC25A27,9481,6
ATP6V1G1,9550,6
GABBR2,9568,6
PPIP5K1,9677,6
CROCC,9696,6
KIAA0100,9703,6
RUSC2,9853,6
FARP2,9855,6
POM121,9883,6
LRRC37A,9884,6
RBM19,9904,6
ZBTB40,9923,6
PAN2,9924,6
ABCC5,10057,6
KCNK7,10089,6
BCAP31,10134,6
THOC4,10189,6
INADL,10207,6
SRRM1,10250,6
CNKSR1,10256,6
SPEG,10290,6
APBB3,10307,6
PPIH,10465,6
HBXIP,10542,6
PRDX4,10549,6
DLL3,10683,6
MASP2,10747,6
PPP1R13L,10848,6
PGRMC1,10857,6
SLC26A1,10861,6
OCLM,10896,6
BRD8,10902,6
STARD3,10948,6
KCNQ1OT1,10984,6
ATF7,11016,6
CPSF6,11052,6
CD160,11126,6
SFRS16,11129,6
CAPN10,11132,6
LSM6,11157,6
BAZ2A,11176,6
WDR6,11180,6
CTRC,11330,6
RBM16,22828,6
PPM1E,22843,6
NLRP1,22861,6
MLXIP,22877,6
HMGXB3,22993,6
MAPKBP1,23005,6
SPEN,23013,6
GOLGA8A,23015,6
KDM1A,23028,6
SARM1,23098,6
LPIN1,23175,6
NBEAL2,23218,6
KAZ,23254,6
KIAA1107,23285,6
CUX2,23316,6
SASH1,23328,6
FNBP4,23360,6
MMD,23531,6
SEZ6L,23544,6
BRD7P3,23629,6
BHMT2,23743,6
PRPF40B,25766,6
TECPR1,25851,6
SFRS18,25957,6
DNAH1,25981,6
ULK3,25989,6
L3MBTL,26013,6
ZNF500,26048,6
POLDIP2,26073,6
TTLL3,26140,6
C14orf109,26175,6
OPTC,26254,6
NGFRAP1,27018,6
PKD2L2,27039,6
CACYBP,27101,6
ARRDC2,27106,6
AFF4,27125,6
STK36,27148,6
AHDC1,27245,6
LSM3,27258,6
POLM,27434,6
ROBLD3,28956,6
FAM156A,29057,6
C1GALT1C1,29071,6
UBE2T,29089,6
TFCP2L1,29842,6
HOOK2,29911,6
LOH3CR2A,29931,6
PRICKLE4,29964,6
PILRB,29990,6
SH3KBP1,30011,6
SOCS7,30837,6
HP1BP3,50809,6
TAS2R4,50832,6
SOST,50964,6
BOLA1,51027,6
METTL9,51108,6
MYO15A,51168,6
CKLF,51192,6
CPA4,51200,6
PDZD11,51248,6
CXorf26,51260,6
SCAND1,51282,6
CHCHD8,51287,6
SLC25A37,51312,6
PHF21A,51317,6
C2orf28,51374,6
CSAD,51380,6
ANAPC11,51529,6
NT5DC3,51559,6
TAF9B,51616,6
GINS2,51659,6
NLK,51701,6
RAPGEF6,51735,6
MYOZ2,51778,6
CDHR5,53841,6
TLR9,54106,6
POLE3,54107,6
ERRFI1,54206,6
DPM3,54344,6
SOX18,54345,6
TAS2R5,54429,6
MOV10L1,54456,6
NLE1,54475,6
SMOX,54498,6
ADAMTSL4,54507,6
NDUFB11,54539,6
L1TD1,54596,6
INO80,54617,6
CC2D1A,54862,6
CWC25,54883,6
CASZ1,54897,6
TMEM70,54968,6
ARGLU1,55082,6
PIWIL2,55124,6
ANKZF1,55139,6
ECHDC2,55268,6
MIOX,55586,6
GOLGA2B,55592,6
RNPC3,55599,6
ASAP3,55616,6
TRMT1,55621,6
ZNF692,55657,6
C17orf63,55731,6
H2AFJ,55766,6
BDP1,55814,6
C3orf10,55845,6
BEX1,55859,6
GSDMB,55876,6
MLL5,55904,6
NXF2,56001,6
RNF17,56163,6
CABP4,57010,6
C1orf63,57035,6
SPINLW1,57119,6
GOPC,57120,6
RGL3,57139,6
KIAA0495,57212,6
TTYH1,57348,6
PLEKHG5,57449,6
ERMN,57471,6
ARID1B,57492,6
SRGAP1,57522,6
CARNS1,57571,6
TMEM181,57583,6
ARHGAP23,57636,6
MYH7B,57644,6
KIAA1522,57648,6
PHF12,57649,6
CALCOCO1,57658,6
GBA2,57704,6
ZFYVE28,57732,6
LY6G5B,58496,6
SELK,58515,6
IL22RA1,58985,6
CELF6,60677,6
CIDEC,63924,6
ZNF335,63925,6
PRDM14,63978,6
GIGYF1,64599,6
GINS3,64785,6
LPIN3,64900,6
LRRC19,64922,6
MRPL36,64979,6
SLC26A10,65012,6
WNK1,65125,6
ZSWIM4,65249,6
MRPS34,65993,6
MRP63,78988,6
PVRIG,79037,6
BHLHE41,79365,6
KREMEN2,79412,6
NKAIN1,79570,6
SNRNP25,79622,6
SH3TC2,79628,6
C10orf68,79741,6
CATSPERB,79820,6
NAA40,79829,6
GEMIN6,79833,6
TUBAL3,79861,6
ZNF767,79970,6
MYO15B,80022,6
SPSB1,80176,6
C10orf57,80195,6
EDEM3,80267,6
EPC1,80314,6
PABPC1L,80336,6
SRCIN1,80725,6
OR51E2,81285,6
TM7SF4,81501,6
ACTL8,81569,6
C9orf45,81571,6
CCDC130,81576,6
TSSK3,81629,6
CCNL2,81669,6
ARPC5L,81873,6
TMEM93,83460,6
TAS1R3,83756,6
RSPH3,83861,6
RAB34,83871,6
SLC25A2,83884,6
OBSCN,84033,6
USP48,84196,6
MRI1,84245,6
PSD2,84249,6
ING5,84289,6
C17orf37,84299,6
ZNF397,84307,6
PHYHIPL,84457,6
CROCCL1,84809,6
KLHL22,84861,6
SLC7A3,84889,6
AGXT2L2,85007,6
SNHG12,85028,6
HIST1H2BK,85236,6
DGCR6L,85359,6
TUBGCP6,85378,6
LBX2,85474,6
FCHSD1,89848,6
ATG16L2,89849,6
SEC16B,89866,6
IFT20,90410,6
DUOXA1,90527,6
TCEAL8,90843,6
ZNF830,91603,6
CXorf40A,91966,6
FAM58A,92002,6
ATP6AP1L,92270,6
ZNF276,92822,6
PGAP3,93210,6
ORMDL3,94103,6
SLC46A1,113235,6
MBD6,114785,6
MYSM1,114803,6
CROCCL2,114819,6
LENG8,114823,6
OSBPL7,114881,6
LRRC56,115399,6
FCHO2,115548,6
FAM46B,115572,6
NXNL1,115861,6
TGM7,116179,6
C5orf55,116349,6
OLIG1,116448,6
MRGPRD,116512,6
RPL39L,116832,6
CATSPER2,117155,6
RFFL,117584,6
OLFM3,118427,6
CHCHD1,118487,6
OR56A4,120793,6
FAM186A,121006,6
C12orf54,121273,6
TDRD9,122402,6
ANKRD26P1,124149,6
ANKS3,124401,6
HSF5,124535,6
ZPBP2,124626,6
OVCA2,124641,6
SGK494,124923,6
CYB5D2,124936,6
LOXHD1,125336,6
FAM69C,125704,6
COX6B2,125965,6
NTN5,126147,6
CYP4F22,126410,6
TDRD10,126668,6
AADACL3,126767,6
HIST2H3C,126961,6
MYOM3,127294,6
LRRC39,127495,6
C20orf165,128497,6
AHSA2,130872,6
UROC1,131669,6
RPL32P3,132241,6
SLCO6A1,133482,6
ADAT2,134637,6
C7orf34,135927,6
PRSS37,136242,6
C9orf131,138724,6
FUNDC1,139341,6
ADAMTS14,140766,6
TMEM120B,144404,6
GLT1D1,144423,6
TTBK2,146057,6
CDAN1,146059,6
IL34,146433,6
PTPRVP,148713,6
C1orf213,148898,6
BTBD19,149478,6
LOC150776,150776,6
SLC23A3,151295,6
LOC152217,152217,6
SHISA3,152573,6
TMEM161B,153396,6
C5orf38,153571,6
C6orf129,154467,6
LOC154822,154822,6
CRYGN,155051,6
?,155060,6
NSUN5P1,155400,6
RBM33,155435,6
MAMDC4,158056,6
RASEF,158158,6
LOC158376,158376,6
PPTC7,160760,6
TCEB3C,162699,6
ZNF791,163049,6
IL28RA,163702,6
TTLL9,164395,6
OXER1,165140,6
OLIG3,167826,6
SNX31,169166,6
ASXL1,171023,6
ZFC3H1,196441,6
FAM129C,199786,6
C1orf126,200197,6
LIPH,200879,6
CENPV,201161,6
FBXO15,201456,6
TMEM184A,202915,6
OR8B12,219858,6
TPCN2,219931,6
ATOH7,220202,6
FAM181B,220382,6
JMJD1C,221037,6
PI16,221476,6
AFARP1,246182,6
TMEM9,252839,6
WDR27,253769,6
TTLL10,254173,6
C17orf61,254863,6
ZDHHC23,254887,6
TMEM86B,255043,6
TMCO4,255104,6
TCTEX1D2,255758,6
GK5,256356,6
SUN3,256979,6
SNX33,257364,6
ALS2CL,259173,6
LY6G6F,259215,6
NSUN5P2,260294,6
GPR110,266977,6
LOC283050,283050,6
C11orf85,283129,6
NEAT1,283131,6
LOC283314,283314,6
SUGT1L1,283507,6
LOC283663,283663,6
C16orf91,283951,6
NEK8,284086,6
C17orf78,284099,6
LOC284100,284100,6
C17orf89,284184,6
FAM71E2,284418,6
NCRNA00201,284702,6
ESPNP,284729,6
CRIPAK,285464,6
FAM13AOS,285512,6
FAM200B,285550,6
NCRNA00174,285908,6
SPDYE1,285955,6
C7orf53,286006,6
LCN12,286256,6
HIST2H2AB,317772,6
LOC338799,338799,6
ESPNL,339768,6
BEX5,340542,6
OR8S1,341568,6
GLDN,342035,6
STAC2,342667,6
ZSCAN5B,342933,6
FCRL6,343413,6
HSD17B13,345275,6
MTX3,345778,6
EP400NL,347918,6
ANKDD1A,348094,6
LOC349114,349114,6
SPATA21,374955,6
CCDC23,374969,6
C1orf175,374977,6
ANKRD36,375248,6
RBM44,375316,6
NCRNA00175,378832,6
C21orf131,387486,6
LIPT2,387787,6
C15orf52,388115,6
LOC388152,388152,6
RNF207,388591,6
?,388795,6
SPDYE8P,389517,6
GPR152,390212,6
LBXCOR1,390598,6
KLHL31,401265,6
LDLRAD2,401944,6
FLJ45340,402483,6
TBC1D3B,414059,6
TBC1D3C,414060,6
LOC440173,440173,6
GOLGA8B,440270,6
GOLGA6L9,440295,6
GPR179,440435,6
LOC440905,440905,6
C6orf226,441150,6
PMS2L11,441263,6
STAG3L2,442582,6
SPDYE5,442590,6
POTEE,445582,6
C18orf56,494514,6
CXorf40B,541578,6
HIGD1C,613227,6
SERINC4,619189,6
FDPSL2A,619190,6
BTBD18,643376,6
CCDC154,645811,6
SH2D7,646892,6
HRCT1,646962,6
GOLGA6L10,647042,6
LOC648740,648740,6
RPL23AP64,649946,6
SEC1,653677,6
SCARNA17,677769,6
SCARNA15,677778,6
SNHG4,724102,6
POTEF,728378,6
AGAP8,728404,6
RPS15AP10,728963,6
PRR23A,729627,6
TBC1D3,729873,6
C1orf152,767846,6
SNORD116-20,100033431,6
SNORD116-28,100033820,6
ZNF397OS,100101467,6
DNM1P35,100128285,6
LOC100132215,100132215,6
LOC100132247,100132247,6
?,100133144,6
?,100134869,6
LOC100240735,100240735,6
LOC100271836,100271836,6
MTCP1NB,100272147,6
NCRNA00182,100302692,6
